UUID_client,Age,Location,Income,TAX,Previous_sales,Type_products,Contact_channel,Contact_hour,Num_contacts,Satisfaction_score,Sales
b80c8fef-a677-5340-85fb-2c162d75df03,51,FL,80000.0,12000.0,1,B,Email,05:30:00,1,4,0
334b6b31-12a2-5bfc-bf4f-870c0954b343,40,CA,82579.0,12386.85,5,A,Phone,16:45:00,2,4,1
c093c7f6-6edf-595e-9539-70de788efbaa,25,NY,58380.0,8757.0,3,C,Online Chat,06:30:00,4,5,1
ff6c5a08-b2fa-56b6-ac00-6830f4074b6a,57,IL,75000.0,11250.0,0,A,Email,05:30:00,3,2,0
afca48e9-59ea-5a28-b8a4-88e0cc6eda1c,61,CA,50049.0,7507.349999999999,0,B,Email,09:00:00,1,4,0
c6577abe-8c0f-5a02-ac84-aa94c2247b1e,36,IL,46082.0,6912.3,0,C,Phone,07:45:00,5,2,0
5bd20866-3478-53f7-bc79-d2aae304b443,59,CA,90000.0,13500.0,9,A,Phone,10:00:00,1,2,0
c06243dc-eaed-5ddf-bc34-c28ae6c89ede,58,FL,67412.0,10111.8,4,A,Online Chat,08:30:00,2,4,1
b756dcb0-3600-525d-bacb-285c0f1a07e2,54,TX,83000.0,12450.0,4,A,Phone,10:00:00,5,1,1
e1e5b788-f429-5a32-9f7e-63865921a5e5,23,CA,25550.0,3832.5,2,B,Online Chat,05:30:00,6,2,0
2342aa20-6cb6-53c8-9764-61bcac17bdcc,43,NY,90000.0,13500.0,6,C,Email,10:30:00,1,5,0
3a8b9d4c-b292-5153-b160-70f43a18999e,51,CA,75500.0,11325.0,1,C,Phone,12:15:00,1,3,1
12f18104-36a2-5810-a811-e616e5314449,125,FL,46309.0,6946.349999999999,4,A,Phone,13:45:00,1,4,1
fc340cae-d629-53ca-bfc2-f46c1a22d325,23,FL,15000.0,2250.0,4,C,Phone,05:30:00,4,2,0
6d5f64e6-d53b-5df6-8005-7d9a26547399,54,FL,60027.0,9004.05,0,C,Online Chat,16:30:00,1,2,0
7fb92d73-86ec-5509-ba7b-7be21db93784,50,CA,89321.0,13398.15,2,C,Email,12:15:00,4,4,0
071beeb1-b1ed-5e7c-87e3-30a0877942b4,39,TX,30956.0,4643.4,1,B,Online Chat,11:00:00,2,3,0
70ede393-d226-5e56-9f16-31b79e2b724b,38,NY,77908.0,11686.199999999999,2,A,Online Chat,15:00:00,1,4,1
38a01d76-c518-5afc-9b94-14cb038b4370,23,FL,55963.0,8394.449999999999,4,A,Email,10:45:00,5,3,0
289dd7fb-89ab-53ff-803d-2fd731906127,23,IL,69443.0,10416.449999999999,0,C,Email,09:00:00,4,3,0
2c6e5af1-5b9d-5891-90d2-786607a2882e,40,IL,69063.0,10359.449999999999,0,C,Phone,15:45:00,2,2,0
51e4ac9a-92ed-5ca5-95ab-f9260e15f813,47,TX,86000.0,12900.0,9,B,Phone,06:00:00,2,2,0
b515d77a-1629-5856-9697-c82f3c839a7d,28,FL,25550.0,3832.5,0,A,Online Chat,05:30:00,4,2,0
1fdaa47a-21ac-5365-934a-42c53f6d327f,47,CA,55849.0,8377.35,2,A,Phone,13:00:00,3,3,1
163990cd-9f59-57e1-acf2-23648195c146,48,IL,61860.0,9279.0,4,B,Phone,12:15:00,1,2,0
0c49e57f-9f0c-56d4-8fdb-7d3ae6246ec9,41,TX,61585.0,9237.75,3,B,Email,07:00:00,5,1,0
fb5ee05b-8ff0-5a2d-8e7a-a74358a96b3b,26,FL,52015.0,7802.25,3,C,Email,12:45:00,2,3,0
ab827ed2-86c2-5c7f-8eee-0326d169f0da,40,FL,73585.0,11037.75,1,B,Phone,05:30:00,1,2,0
31c1fa49-8635-5943-b57e-c7e667e181db,48,FL,56958.0,8543.699999999999,7,A,Email,12:30:00,3,1,0
80798e70-401c-5194-a03a-d707995ba3d6,57,FL,56017.0,8402.55,4,B,Phone,08:30:00,2,5,1
dcf7bebe-2ae8-53d7-8569-e39a2aae958d,54,FL,75350.0,11302.5,1,B,Email,16:15:00,1,2,0
e21fe6d4-626c-53b3-a4a2-3d983b837714,53,IL,76520.0,11478.0,1,B,Email,11:45:00,2,1,0
7c6a3a8e-cf58-5e71-8987-5a59385334f7,41,TX,59426.0,8913.9,0,A,Email,14:00:00,3,4,0
c64e6ce6-4549-5b73-ab53-6746ec8714af,48,FL,47778.0,7166.7,1,B,Email,07:30:00,7,2,0
3577af1c-295a-539f-91ff-f17ef3a95447,23,NY,25550.0,3832.5,0,A,Phone,12:45:00,1,1,0
bf2f7049-cd29-5282-a613-06cca4ef34d0,40,NY,72229.0,10834.35,0,A,Online Chat,14:00:00,1,3,0
760d67d4-fb66-5bee-be6a-eb44ed90baa4,37,TX,78364.0,11754.6,1,B,Email,06:15:00,9,3,0
33921e54-21da-5617-8c8e-27ab8e5716f6,45,CA,87056.0,13058.4,5,B,Phone,09:15:00,1,2,0
dea2dfca-1957-5934-8fcf-5d473cee64eb,28,CA,57490.0,8623.5,0,C,Phone,11:30:00,3,4,0
4ffb1b16-8d69-5ec6-bd66-ce11767a98e1,21,CA,49975.0,7496.25,4,A,Email,17:00:00,1,3,0
c3eb1b7d-7032-541e-bbdf-315d26c85ef1,32,NY,56723.0,8508.449999999999,4,C,Online Chat,10:00:00,3,3,1
5c2b23de-4bad-58ee-a4b3-f22f3b9cfd7d,23,CA,53279.0,7991.849999999999,4,C,Email,17:45:00,4,4,0
bf8d3ce7-6778-5d87-a7f9-67e16dabc7c3,47,IL,95411.0,14311.65,9,C,Phone,06:00:00,1,5,1
cfff2af7-ed85-5f59-8246-88bfc5a0d398,55,FL,96061.0,14409.15,0,A,Online Chat,05:30:00,5,3,0
3fb5eb5f-71f9-55de-8c4c-4792d4269ff5,40,NY,25550.0,3832.5,1,C,Phone,17:00:00,1,1,0
3d04c8a6-cc47-53ca-acab-6be3481dca5f,32,TX,63142.0,9471.3,6,B,Email,06:30:00,1,2,0
3d930c8b-a9eb-525d-8dcd-ff696fd2e68a,28,TX,56916.0,8537.4,2,C,Online Chat,14:00:00,7,3,0
2018fde1-193b-547d-aca1-cbccfabe029d,25,FL,25550.0,3832.5,0,A,Phone,05:30:00,2,3,0
e2ca9033-3f0f-5b89-bd7d-96cf9e2530b0,43,NY,74965.0,11244.75,1,C,Phone,12:15:00,2,5,1
1191d1bc-0dde-52ed-9a2e-9a7ef299e46b,40,FL,34648.0,5197.2,0,B,Phone,07:00:00,2,1,0
0216aff8-5cd5-58b0-861f-3d66c1248d03,61,CA,65133.0,9769.949999999999,0,B,Email,13:45:00,1,2,0
fc13841d-8ea7-5f38-a819-5ae8e6605a41,22,IL,80677.0,12101.55,1,B,Online Chat,11:30:00,1,3,0
eba453ca-db1c-51d8-b9d4-0c09adf52b9c,23,IL,65046.0,9756.9,0,B,Email,07:30:00,2,2,0
a6845065-8407-57da-9cf5-e5cd1b0e69c4,43,CA,77064.0,11559.6,8,B,Email,12:15:00,1,2,0
7f8da4f9-2af1-5075-be8a-06481bbeeafc,40,TX,15000.0,2250.0,0,C,Email,16:15:00,6,3,0
6c2adc87-91d0-56a3-809e-dab65d517dbd,36,TX,75893.0,11383.949999999999,0,C,Online Chat,10:45:00,2,3,0
6aa2703b-d2f7-5206-be18-ccdb8c7553a9,37,IL,91272.0,13690.8,1,C,Email,05:30:00,7,2,0
5bccf91e-aec8-5b2d-b5e9-376e477ba198,50,FL,97649.0,14647.35,1,C,Email,13:00:00,4,5,0
88d39dc9-3c4b-5bb4-afef-b92b34a5f62d,37,CA,94674.0,14201.1,1,A,Email,13:15:00,2,3,0
6f172386-e968-5c41-baff-803a3b4fb6d0,29,IL,43760.0,6564.0,0,C,Email,05:30:00,2,2,0
4905e95e-da65-51e6-97af-5003dcf070c1,64,IL,51927.0,7789.049999999999,0,B,Phone,12:45:00,1,1,0
76ec6198-b83d-5cd6-9da7-61096298b7b7,40,CA,30000.0,4500.0,4,C,Email,05:30:00,9,2,0
f6d5d99e-cfd8-5ce2-825d-900ed8d255b6,43,CA,42588.0,6388.2,2,A,Phone,05:30:00,1,2,0
c9e8e711-4c57-57f0-9376-095d44e81a07,31,TX,82233.0,12334.949999999999,1,B,Email,10:45:00,3,1,1
1fd49624-f6dc-511d-94bc-226237ab4a4d,55,FL,74738.0,11210.699999999999,5,C,Online Chat,08:30:00,3,2,1
c0203319-5ef0-5c04-bdbf-be9de6d3bc2f,54,FL,63397.0,9509.55,0,C,Phone,11:30:00,2,2,0
9a600b23-bba0-5d09-b15b-c508131f10a2,28,CA,49816.0,7472.4,1,C,Phone,08:30:00,5,4,1
71d3d747-4c18-5f1c-bd22-d634ad535dd3,53,NY,72240.0,10836.0,5,B,Phone,08:30:00,4,5,1
5a58e235-5df7-5c06-ac06-d7a36b76485a,30,IL,36276.0,5441.4,2,B,Phone,16:15:00,1,2,0
f834e664-473a-5d23-8dfa-785e823614e1,60,FL,53499.0,8024.849999999999,0,A,Online Chat,10:45:00,4,1,0
3c7ea849-af4c-57de-993f-6062c2e37152,20,FL,65946.0,9891.9,0,B,Email,16:45:00,9,2,0
1604bfeb-dd14-52d5-87d5-922dea42209d,50,FL,85204.0,12780.6,3,B,Phone,07:15:00,2,5,1
898b1280-9e95-5140-acb8-345b37d4af86,23,FL,81886.0,12282.9,0,C,Online Chat,09:00:00,6,3,0
cca0cc0a-8d45-5ac9-b775-52b84a45cd1d,27,FL,45563.0,6834.45,2,B,Phone,06:45:00,1,3,0
dc6ddbd1-8732-575f-8694-8e48527b5998,22,CA,39847.0,5977.05,0,C,Email,14:30:00,4,1,0
a545a5ac-9ea0-5b65-adb0-04afa85f25e0,40,IL,56155.0,8423.25,5,C,Phone,05:30:00,6,3,0
3a242dce-7e7f-5644-bcf4-1c0c7baf3033,27,CA,25550.0,3832.5,0,C,Online Chat,06:45:00,3,2,0
dbca4363-10c1-527d-a9ee-818c1f682b7c,40,CA,48309.0,7246.349999999999,1,A,Email,08:30:00,4,1,1
22a299e0-1845-536f-8d8a-59034e52e600,19,CA,30619.0,4592.849999999999,3,C,Online Chat,08:30:00,1,5,1
b0d51db1-d570-5537-9e1e-65c692c2f32c,30,IL,45000.0,6750.0,8,B,Email,14:30:00,9,1,0
77a518ae-f6ee-5192-bb05-665bdbfb4a28,57,FL,64707.0,9706.05,0,A,Email,06:45:00,1,1,0
6186515d-3998-59f2-b07a-4efc424ed936,40,FL,50337.0,7550.549999999999,7,C,Email,05:30:00,1,2,0
407ed4d0-c606-5251-b0e3-2354489a3ef3,37,FL,96504.0,14475.6,0,C,Phone,10:15:00,9,2,0
49c1477c-efb6-5a29-a062-fe2c918a4ffa,40,FL,15000.0,2250.0,0,B,Online Chat,05:30:00,5,1,0
b818df3e-d4f7-5046-95b7-47f4882a35a7,54,FL,30281.0,4542.15,0,A,Online Chat,05:30:00,2,3,0
b8c8050b-3989-53e7-a8b2-e70e9a7fd126,26,TX,57420.0,8613.0,0,A,Online Chat,05:45:00,6,2,0
d86f9a2b-a2bc-5f35-b882-e612474e6e5f,34,TX,69030.0,10354.5,5,C,Email,11:15:00,1,5,1
064d2598-0b74-552f-8777-1270881d55c6,26,IL,31058.0,4658.7,8,C,Phone,05:30:00,2,4,0
2bfc074e-a3aa-5852-935d-77aafcaaa814,28,NY,58404.0,8760.6,10,C,Email,05:30:00,2,2,0
b420fd97-db8e-5fe3-a020-238c8e5ba39c,32,CA,59856.0,8978.4,0,B,Online Chat,14:45:00,1,1,0
24e53689-8364-5252-8f24-c461d661e1c5,41,FL,75000.0,11250.0,4,A,Phone,09:15:00,4,3,1
fb8962fa-ab9d-582a-9c85-fa761496670d,55,FL,94178.0,14126.699999999999,1,A,Phone,08:30:00,1,4,1
30f2511f-e7f2-59e5-b55a-e1687813f809,52,FL,63997.0,9599.55,0,C,Phone,16:00:00,1,2,0
f9d78e51-cc61-58cc-910f-5aac419f1d70,47,IL,55611.0,8341.65,0,B,Online Chat,05:30:00,3,3,0
271e98a9-3b7a-5bd5-bfa9-c0047b5f235f,48,IL,71235.0,10685.25,4,C,Phone,16:30:00,7,3,0
1ed0470d-5bb2-58b9-8539-2f9c0a60a345,22,IL,65057.0,9758.55,2,A,Phone,05:30:00,1,3,0
7911a2fe-90e2-5884-a9a5-ffbca4979c3f,40,FL,31239.0,4685.849999999999,0,A,Email,05:30:00,2,1,0
07598200-e09a-5685-972e-a8a44cafdb43,31,NY,95661.0,14349.15,1,B,Email,05:30:00,2,5,0
dbb5320c-e6b1-5f5c-8819-6c25c2531101,28,CA,75272.0,11290.8,1,C,Phone,05:15:00,1,3,0
525dd233-5698-5b07-8116-72e75105a3b2,26,IL,40000.0,6000.0,0,C,Phone,05:30:00,2,4,0
6470e91b-5a2f-55cc-a74e-286dfa161143,51,NY,45398.0,6809.7,0,A,Email,12:00:00,6,2,0
ce1b28ad-1a2e-5c7d-97fa-17fb9a837014,29,FL,25550.0,3832.5,1,C,Email,11:00:00,3,4,1
f4dee25d-c6a0-58d4-8e66-b58431dfceef,52,NY,36638.0,5495.7,0,A,Email,17:45:00,2,1,0
2afb56dc-31ce-5c09-9cde-6b07ac2bebaf,52,IL,83000.0,12450.0,0,A,Online Chat,17:00:00,2,1,0
709d58ce-53b1-592d-8432-89e7f93c97e5,40,CA,15000.0,2250.0,4,C,Online Chat,08:30:00,2,4,0
965e199e-beaa-5493-ae10-2223b3dc1e2e,57,TX,39110.0,5866.5,1,A,Phone,13:00:00,5,5,0
2b9b14ba-b4bc-565a-b23d-122fcf78e6f4,39,IL,42115.0,6317.25,0,A,Phone,17:00:00,2,1,0
7ea1438d-1ad5-5198-b957-a5fa617d63b4,46,CA,69062.0,10359.3,3,A,Email,10:45:00,3,1,0
c765fb02-1ee1-5ffe-8576-759aba4607d1,25,FL,52911.0,7936.65,0,C,Online Chat,09:00:00,3,4,0
942569ed-ba8e-5454-a680-0c89983a22ea,28,NY,62556.0,9383.4,0,C,Phone,15:45:00,6,1,0
65aff90a-a220-5483-bc6f-5f2698d1ce13,58,FL,31969.0,4795.349999999999,2,B,Phone,08:30:00,1,5,1
33cb1b80-173d-599c-aa61-0399ade7298a,54,NY,73753.0,11062.949999999999,6,A,Phone,07:45:00,3,5,1
bfdfa523-8a62-56a2-8a6a-a0afdd7f04f6,31,FL,34470.0,5170.5,6,A,Online Chat,09:15:00,3,5,0
76803812-39d4-52d9-a62b-acb5ea25d73d,47,CA,40225.0,6033.75,0,B,Phone,05:30:00,1,2,0
4d6c4945-5016-503c-99df-afcc4b2ef455,52,FL,53196.0,7979.4,8,B,Phone,08:30:00,1,5,1
9daf72ab-21fd-5c8c-82be-82aa3e2ee9a9,38,NY,43669.0,6550.349999999999,1,B,Phone,11:00:00,1,2,0
f0c79aa1-3202-50aa-8c5a-4f67d64891d8,54,IL,67380.0,10107.0,4,B,Phone,14:00:00,2,2,1
d819af64-8b6a-53a9-8fb6-6aa154e6f572,22,TX,25550.0,3832.5,0,A,Online Chat,17:30:00,4,3,0
a99c3c49-8691-5ec9-8ff8-b655539d2a8d,36,FL,77414.0,11612.1,0,B,Online Chat,05:30:00,1,1,0
0d1b887c-92dd-5478-901b-26772c953873,31,FL,45577.0,6836.55,5,C,Phone,07:30:00,1,5,1
b03380f1-8aa3-5211-b331-42735f44b013,43,CA,85409.0,12811.35,4,C,Phone,11:00:00,1,1,1
92b530de-dfba-5a35-a2e0-8e626aa88e75,40,CA,58625.0,8793.75,3,C,Online Chat,05:00:00,4,4,1
b9b6607d-6974-594f-8e99-ac3de71c4d89,42,FL,54089.0,8113.349999999999,0,B,Phone,11:00:00,6,1,0
bffa3522-4629-5e7c-ac08-0433874a4508,40,FL,66487.0,9973.05,3,C,Phone,07:15:00,3,2,1
41bb8d7a-e096-590e-a0e0-18272be62d34,59,FL,95838.0,14375.699999999999,0,C,Phone,05:30:00,5,1,0
e09259f4-442b-58f2-a040-459ee1fd7b2b,42,CA,80138.0,12020.699999999999,6,A,Email,16:15:00,1,1,0
c0a650ff-d9ec-59fb-a183-eb0635fe3346,35,NY,72823.0,10923.449999999999,0,C,Phone,06:45:00,3,1,0
348ce11b-f9ba-5931-a93b-cd5546c2ba63,57,IL,67208.0,10081.199999999999,0,A,Email,16:45:00,5,3,0
8b2678de-cdc9-523f-9b74-5362b4ce6c92,25,CA,84061.0,12609.15,6,C,Phone,06:00:00,2,3,0
193012d0-c492-5d05-b0d0-49563473344f,56,FL,60659.0,9098.85,9,C,Phone,06:30:00,1,4,1
89f80e02-1c58-5567-b4f6-42edbe185319,57,NY,61890.0,9283.5,1,A,Email,07:45:00,4,2,1
107cd9a8-f0a0-59ec-ab86-b49a0952a8f1,31,TX,77055.0,11558.25,0,C,Email,06:00:00,1,1,0
84713bd0-d2f4-50f6-a878-cf62266c8079,49,TX,49508.0,7426.2,0,A,Phone,13:30:00,3,1,0
9d660b4d-1c7b-5223-8f2f-240444e0bd45,55,FL,72287.0,10843.05,2,A,Phone,08:30:00,3,1,1
69ec8f53-44e5-56b2-b9c2-d5ecbe41e8ae,50,NY,56984.0,8547.6,0,B,Email,08:45:00,4,1,0
8817ace8-2144-5954-a8d2-79beb84985e2,40,NY,75000.0,11250.0,2,C,Online Chat,06:00:00,9,3,0
a1dd06e9-8496-580e-835e-976fb50a75c2,32,TX,66059.0,9908.85,1,A,Online Chat,08:30:00,5,4,1
d850a1dd-f50d-54ff-9303-ada59f1b4905,50,CA,99569.0,14935.349999999999,6,C,Phone,11:15:00,1,5,1
975b095c-19f8-505f-8f36-9774c099e719,42,CA,47087.0,7063.05,0,A,Online Chat,06:00:00,6,2,0
2715a353-51a5-5673-8b1d-5a3780d5bfa0,34,FL,35704.0,5355.599999999999,0,A,Online Chat,17:30:00,3,1,0
c26dd0f0-5088-5a0c-8d7c-2cd7b0aba927,50,TX,90576.0,13586.4,1,B,Phone,15:00:00,3,4,1
00924338-d1f8-5b7c-95af-2faea3728e0d,40,FL,57208.0,8581.199999999999,10,B,Phone,08:30:00,1,5,1
818fc0cd-726b-50de-a155-7668142a4691,49,TX,,,9,C,Phone,08:15:00,1,4,1
a7d7e5e1-98c8-502d-bbfd-4c7ab64e1bc4,31,IL,69882.0,10482.3,0,C,Email,16:45:00,4,3,0
4a0c945a-afa8-5189-89c6-2deccebd8adb,57,NY,55923.0,8388.449999999999,0,A,Phone,06:00:00,4,2,0
2646a198-b51a-5f11-8dff-19bef528655d,57,NY,59165.0,8874.75,1,A,Phone,14:00:00,1,4,1
158d6c29-2bad-531e-b59d-5197be05a1cf,56,FL,97203.0,14580.449999999999,0,C,Email,08:00:00,4,3,0
7c2b9fda-1449-536d-aa63-f6ea01836442,23,NY,34114.0,5117.099999999999,2,C,Online Chat,09:00:00,1,2,0
22de3257-778e-5f1e-b4e9-84c844967a4f,23,CA,25550.0,3832.5,3,C,Online Chat,09:30:00,1,4,0
1835b973-244f-5072-a03f-21f9fe41d2c9,49,CA,66321.0,9948.15,3,C,Online Chat,10:00:00,3,5,1
2dd8d3a6-eb83-5c89-9872-b627df9add2b,24,FL,55426.0,8313.9,0,A,Phone,09:15:00,1,3,0
bbe29010-73fa-5eb9-b57b-2e45b15d8c8b,25,TX,47772.0,7165.8,1,C,Online Chat,06:00:00,2,1,0
d7b65d1b-5fbc-53c3-b8c8-a538cb3d070a,59,TX,33712.0,5056.8,4,A,Email,16:15:00,2,2,0
1b413f27-78b3-5590-b052-baefbc1465d9,32,CA,31367.0,4705.05,7,A,Online Chat,16:45:00,9,2,0
2adf3b5e-40d7-5589-9b9f-3dd3895e55e4,49,FL,81924.0,12288.6,1,C,Online Chat,08:30:00,4,3,1
b217f755-d796-5a4c-878b-a0d48df7a8ba,46,NY,83000.0,12450.0,1,B,Phone,14:15:00,2,4,1
b30256b4-082a-5d1a-9cef-8e13e9b9c050,50,IL,57723.0,8658.449999999999,2,C,Phone,08:30:00,4,3,1
01b0ece8-f331-5512-a75c-a2633b506585,47,IL,39108.0,5866.2,6,A,Email,13:15:00,6,2,0
1ddb8ad9-67a1-5fdf-a5c4-bf5937d983a1,56,FL,65643.0,9846.449999999999,0,B,Phone,16:00:00,2,2,0
3d0de613-1eaa-57ad-80a8-1d6ea30e9da0,44,CA,61324.0,9198.6,2,C,Online Chat,17:00:00,3,1,1
39d93a08-3c7f-5cfe-9b66-5a60832da226,53,CA,75000.0,11250.0,2,B,Phone,10:45:00,3,1,1
4805bf62-8ba1-51dd-bcac-8d03077bfac5,46,FL,52443.0,7866.45,5,B,Email,06:00:00,2,2,0
17594aa6-64d5-5b6e-b6b3-ff4e1e3e71bf,55,FL,93449.0,14017.35,4,C,Online Chat,16:15:00,5,5,1
aca52640-2607-5fad-a9ff-fb5312de53af,50,TX,90233.0,13534.949999999999,2,C,Email,06:15:00,4,5,1
1bd8e5e6-f37a-5444-a5b7-80353595f082,54,NY,55537.0,8330.55,0,B,Phone,06:00:00,2,2,0
2eda13b2-8ccd-5ab7-a305-3813c83432e2,44,FL,52612.0,7891.799999999999,2,B,Phone,14:00:00,4,1,1
d821db2b-ad1a-5483-a9f5-3b0b6009f299,50,TX,36471.0,5470.65,0,C,Email,10:15:00,2,2,0
b44fc0e3-7d56-5f5c-ac41-956867061d0d,49,NY,65631.0,9844.65,2,C,Online Chat,10:30:00,2,1,1
c46afaae-6aad-588f-8a5e-f15f6ebfd45b,39,CA,61348.0,9202.199999999999,6,B,Phone,08:30:00,5,2,1
7afb5aa3-54df-586b-a82e-5d375db7b406,49,IL,25550.0,3832.5,2,B,Phone,16:30:00,2,2,0
f1215345-ed6b-5be1-a4a4-0db084c6cf55,27,NY,31177.0,4676.55,0,C,Online Chat,17:45:00,1,5,0
88b3db78-860e-5864-9897-9fff803e3de1,22,FL,34760.0,5214.0,0,C,Phone,11:15:00,2,2,0
4880bf5f-79a6-5c6d-b720-2bc74613dbaf,27,FL,62779.0,9416.85,1,C,Email,06:00:00,8,2,0
e207861b-69dd-594f-a230-d0044ff3b0a0,50,NY,51636.0,7745.4,7,C,Phone,07:45:00,3,2,0
cf3452c6-b790-5d40-92a9-86ddde6d8e7f,55,FL,83551.0,12532.65,0,A,Phone,13:00:00,3,3,0
1647f3ad-c8d9-51c2-b363-c31e880320fd,30,TX,41556.0,6233.4,0,B,Online Chat,17:00:00,3,1,0
dedbed49-1236-5497-ae1f-458cdf482530,48,FL,57598.0,8639.699999999999,0,C,Email,14:30:00,2,2,0
2f5e6b6b-dece-51b3-8083-ee6f32cabb92,49,FL,41563.0,6234.45,2,A,Online Chat,10:45:00,5,2,0
38341431-35c0-5ded-9aa7-118d6dd21bed,53,CA,76819.0,11522.85,1,B,Phone,14:00:00,2,4,1
ad8b8d0f-a385-580d-a06b-bbc1470a5539,49,TX,56966.0,8544.9,0,A,Phone,17:15:00,5,5,0
31392549-6d23-5797-8568-a1593e44b43c,41,NY,89889.0,13483.35,0,C,Online Chat,11:30:00,2,1,0
2bc29c52-441e-5305-9e90-f167c773a86a,32,TX,56987.0,8548.05,2,C,Online Chat,16:00:00,4,3,1
ca01b83d-37a3-5903-b8b5-e619bfb5bc55,46,CA,88348.0,13252.199999999999,0,B,Online Chat,15:00:00,2,1,0
cd92195a-f848-51d8-b762-8980f6d8eb02,25,FL,54596.0,8189.4,0,C,Email,15:30:00,3,5,0
8a5f551c-fd85-58c0-ae0e-3b585ca3dd0a,22,FL,63174.0,9476.1,3,C,Phone,08:30:00,2,5,1
1149a6bf-ca97-5554-b62f-2efaca955bef,46,CA,94106.0,14115.9,4,B,Online Chat,14:00:00,2,5,1
07b8c90f-b51e-5dc8-9148-35b5eff86a20,49,NY,99967.0,14995.05,3,A,Phone,06:15:00,2,5,1
64227016-1167-58c4-86d9-d03b4ba0148c,49,FL,89182.0,13377.3,0,A,Email,08:30:00,6,2,0
ec749a3b-740b-5b8b-9bd2-654e35c5fca1,29,IL,69310.0,10396.5,0,C,Email,06:00:00,2,3,0
962d2f1e-f400-52af-9eec-f3ba3495b3e9,49,FL,86088.0,12913.199999999999,2,C,Phone,08:30:00,4,5,1
8a68535e-ab58-5de3-b632-73252b72409c,49,IL,38906.0,5835.9,5,C,Online Chat,06:00:00,2,2,0
f5017666-16c7-5d04-b9bd-f7fe5e2b8708,44,CA,66914.0,10037.1,10,A,Phone,08:30:00,2,4,1
1f138e24-6591-54d7-92da-a65571d0b791,48,CA,75379.0,11306.85,0,C,Email,14:00:00,2,3,0
bf6365f3-4ec6-598f-933f-4b32d2362453,53,FL,67650.0,10147.5,0,A,Email,10:15:00,2,1,0
dd4a8658-957f-5d23-8380-3536917cc1f9,53,TX,76881.0,11532.15,0,A,Online Chat,12:30:00,7,3,0
15ffd26f-4502-568c-be69-4eb4bccb76c5,43,IL,76413.0,11461.949999999999,0,B,Email,09:45:00,2,3,0
f3255cbf-6b71-59e4-b091-6d1cd3a0ab93,60,NY,36012.0,5401.8,2,A,Online Chat,13:45:00,1,3,0
7addeba4-de00-5895-bf05-ea96b9816c0e,44,FL,80115.0,12017.25,2,A,Email,13:30:00,6,2,0
ac164322-3fbc-5f58-b51e-df5f772e2a6b,22,NY,37151.0,5572.65,0,B,Email,06:00:00,7,2,0
9ea37f2f-3d2d-5bbe-95d3-17be5e26a517,37,FL,87716.0,13157.4,6,C,Online Chat,11:00:00,2,2,1
c2d1d120-93c8-5c7e-9e77-365a04a057d7,28,TX,66378.0,9956.699999999999,0,C,Email,06:00:00,6,1,0
bf7dacf2-9953-598e-94b5-425d6e1f4a91,27,TX,5000.0,750.0,8,B,Phone,06:00:00,2,4,0
08dd4b1a-48b5-5db1-a2ac-a2562422d280,57,TX,43467.0,6520.05,3,A,Phone,14:30:00,6,3,0
5f7f4a6e-577e-5b90-b128-7ab0acc50f5f,55,FL,61010.0,9151.5,7,C,Email,09:15:00,4,1,1
0df4ec09-4af8-59ef-b239-f7e161489924,23,CA,84691.0,12703.65,0,C,Phone,06:00:00,2,1,0
eb3960c9-dedf-51e3-98cc-c4746e8940c3,25,CA,94157.0,14123.55,5,C,Online Chat,07:15:00,1,2,1
d3dcf303-271e-5d47-bded-7720b1d812f3,40,IL,42289.0,6343.349999999999,3,B,Email,06:15:00,2,2,0
46db1cda-58f0-58f4-8dd4-55131753ad50,49,FL,74976.0,11246.4,0,B,Email,06:00:00,5,3,0
1f83b4c3-cd00-564b-8e40-5270a7cf5306,43,FL,73596.0,11039.4,1,B,Online Chat,06:45:00,1,4,0
afff1d84-9f4e-59e3-94bb-b38647a96eae,49,FL,53171.0,7975.65,1,A,Online Chat,08:30:00,4,2,1
16e45b3f-b76f-513d-8e27-3667845ba892,60,CA,74139.0,11120.85,5,A,Phone,13:15:00,1,5,1
0967cc35-16ce-58e0-8603-22e8e8592bcc,29,FL,78713.0,11806.949999999999,20,C,Email,13:00:00,2,1,0
0de3ffd7-07ab-5f7a-88f8-779f74b8822a,43,CA,59734.0,8960.1,6,B,Online Chat,08:30:00,2,3,1
7efd446b-eb1f-57f8-b126-82d7026087ca,30,IL,93646.0,14046.9,0,B,Online Chat,10:45:00,5,5,0
84a025ae-c5b2-581f-be6f-d0ee0b9cefe2,57,NY,33654.0,5048.099999999999,2,A,Phone,10:45:00,3,2,0
cf25115f-7af4-59d0-8254-a195b22b8bfb,35,IL,48743.0,7311.45,6,B,Phone,11:45:00,2,4,0
0c2c7dff-45ae-5f1c-9456-600544a51e29,42,TX,78368.0,11755.199999999999,6,C,Email,09:30:00,2,1,0
30287437-ea5f-53d7-98e2-63c7ecff13df,50,TX,75000.0,11250.0,4,B,Phone,11:30:00,6,3,0
8fa39696-5edf-5ad6-a750-58b1ad71b333,49,TX,54611.0,8191.65,5,A,Phone,09:45:00,5,5,1
879346eb-3f45-5f6c-b1cc-24792c634793,57,FL,42149.0,6322.349999999999,1,A,Online Chat,11:00:00,5,5,0
4ae42be7-470e-5602-abd4-b0718be07d12,60,FL,89189.0,13378.35,0,B,Online Chat,08:45:00,3,1,0
574da85a-8e1c-561a-ba16-c0b314f1f6c6,29,NY,51675.0,7751.25,6,C,Phone,08:30:00,2,4,1
9f6cbe61-d587-54d7-9ea4-c9708eb922ef,49,TX,72668.0,10900.199999999999,2,A,Phone,06:00:00,3,2,0
a9736eb6-4f09-5a9d-817f-a8c0b8a9b15e,53,TX,43673.0,6550.95,2,C,Phone,10:30:00,1,4,0
8e164708-f3df-5aec-9bbe-521b3c8b03db,40,TX,25550.0,3832.5,0,B,Email,14:30:00,6,2,0
335ccdcf-2471-5f9e-845d-59833799ddf9,22,NY,53669.0,8050.349999999999,0,C,Email,09:30:00,6,2,0
f7176b11-2dfd-5188-b1f7-6591925d43d7,54,TX,64068.0,9610.199999999999,0,A,Email,15:15:00,3,1,0
4adccb05-06d8-5433-8994-9f62b1f59b93,25,NY,39435.0,5915.25,0,C,Phone,09:15:00,2,1,0
eda7157e-2245-5c53-ae25-f201b2bc2043,59,FL,82249.0,12337.35,0,A,Phone,06:00:00,2,2,0
737fbc68-f4a8-5b45-87e1-71cae7303ee0,45,IL,67384.0,10107.6,4,B,Email,13:15:00,3,2,0
b89ca43b-3386-579b-a498-a4ec1c22f31b,48,IL,61401.0,9210.15,0,B,Email,08:00:00,5,1,0
e0f11cf5-d2a0-59ab-ac19-5bcba6e67161,26,NY,64084.0,9612.6,0,B,Phone,11:30:00,7,2,0
a4c170c5-8f40-5acb-9fd8-876a4f0680d7,46,IL,85826.0,12873.9,4,A,Online Chat,07:45:00,5,2,0
d836402a-30e6-5178-a8c5-04a68ffd6fa5,31,NY,66451.0,9967.65,9,A,Email,16:45:00,3,2,0
935eef49-4f74-5aea-918e-381d8a03c3f1,57,IL,83000.0,12450.0,0,B,Phone,06:00:00,4,3,0
66caf453-a948-5c48-a4fe-e1b3736783f9,58,IL,61910.0,9286.5,2,B,Phone,17:15:00,3,2,0
2dab7f41-0c20-53ec-9162-4b72acce1a60,39,NY,66041.0,9906.15,0,A,Online Chat,10:30:00,7,3,0
1b214c5c-13b0-5082-9dd0-9a6fc7530099,28,FL,95681.0,14352.15,8,A,Phone,08:30:00,5,2,1
e3dc096c-921d-5707-8d70-402ab0b702cf,40,IL,95481.0,14322.15,0,A,Phone,06:00:00,6,1,0
8f4885ab-e13a-558b-b550-aa81a1f9bbb1,40,TX,98576.0,14786.4,1,C,Online Chat,09:30:00,5,5,1
972f4934-3e84-5229-90be-83a905fd8d99,40,FL,94174.0,14126.1,1,B,Email,15:00:00,3,2,0
204d5f33-224b-5eb8-a7c8-ff1a4f3732b7,54,NY,56160.0,8424.0,1,A,Online Chat,09:30:00,2,1,1
e588b7d9-2449-595f-9645-62386fe1e433,38,FL,47633.0,7144.95,0,B,Online Chat,06:00:00,5,2,0
fd4e8ad5-eb7d-5a2e-8944-f31fff3b03ed,43,CA,147014.0,22052.1,0,C,Phone,08:15:00,3,4,0
aeb0f2fe-1fa4-542b-8d08-3f4eee8fc795,40,CA,79104.0,11865.6,0,A,Email,17:00:00,3,3,0
ae3be504-1775-52b7-b9c6-f93b28cb8243,53,NY,71621.0,10743.15,4,A,Online Chat,09:30:00,3,2,1
6c556c3a-51b0-5f34-aad1-7f85c39b2963,40,IL,98388.0,14758.199999999999,2,C,Online Chat,14:00:00,3,1,1
60acce27-e540-5fd4-99e9-7fdccd1c4478,40,TX,46014.0,6902.099999999999,6,C,Online Chat,16:15:00,3,4,1
52193f2b-c684-52ad-8e49-057d93435223,57,FL,63755.0,9563.25,1,C,Phone,09:30:00,4,5,1
b89a119c-9286-5146-8530-9ad4ac4abc3b,32,CA,70390.0,10558.5,5,A,Email,06:00:00,3,4,0
4f4c1416-7bc0-565b-bd45-413c922e9654,38,IL,53711.0,8056.65,0,A,Online Chat,09:15:00,3,3,0
786619a0-193a-5897-8c7d-c1665f446303,64,FL,87993.0,13198.949999999999,2,A,Email,09:30:00,4,4,1
b0dcae36-1aa0-55ae-ac2d-bbccd8e8a468,26,IL,57213.0,8581.949999999999,5,B,Online Chat,10:45:00,1,5,1
78df69d8-68ea-54ad-99cc-04dc42b161f1,26,IL,87784.0,13167.6,1,C,Online Chat,08:30:00,6,1,0
ada39c6a-450d-541b-a0a3-d3a01b1f6f60,27,CA,37421.0,5613.15,0,A,Email,06:00:00,1,2,0
3ec38fcb-7d9a-5455-80c0-80b80c7af4b6,43,CA,47727.0,7159.05,0,A,Email,06:00:00,5,3,0
905fddd2-b6a1-569c-8c74-3a5097b41123,58,IL,34358.0,5153.7,7,A,Phone,14:15:00,7,5,0
c72bb8fa-f9c0-5334-841d-90866a8fe7cc,52,NY,95108.0,14266.199999999999,1,C,Phone,15:00:00,6,3,0
13212fb5-74a7-5cc7-96a3-09cde79ad3a2,42,IL,62117.0,9317.55,0,B,Online Chat,06:00:00,2,4,0
11eaa4a3-454d-5a26-817c-9c656776b944,43,IL,61910.0,9286.5,6,A,Phone,17:00:00,4,3,0
b4ae7bfd-1abb-5ca3-8991-9f2c05fbb10f,28,TX,25550.0,3832.5,3,A,Email,06:30:00,2,5,0
75c58b27-985e-5965-ab4f-a0aa12309ee9,55,FL,92438.0,13865.699999999999,3,C,Online Chat,13:00:00,1,2,1
2d8a62ce-4750-535c-b445-0dc4ae6a0969,40,TX,59371.0,8905.65,0,B,Phone,06:00:00,3,2,0
ec569e5b-9841-5617-8628-aadcbe04272e,24,NY,81501.0,12225.15,4,C,Online Chat,08:45:00,3,3,1
30b3514c-90e5-5bed-a128-5faaaa37be4d,35,NY,90946.0,13641.9,0,A,Phone,14:00:00,3,1,0
e813ce8e-3efc-55c9-b933-7c253b17df3e,44,IL,68467.0,10270.05,0,B,Email,06:00:00,1,3,0
a67c4f52-ed39-5c86-9287-972064122cce,51,TX,47625.0,7143.75,4,B,Phone,14:00:00,3,4,1
67db4ee4-350a-515a-8fc9-2197dfdaed80,44,NY,63893.0,9583.949999999999,0,A,Online Chat,06:15:00,6,2,0
d9ed4559-0c1f-514b-bfa2-59f83bcbbf79,34,CA,61007.0,9151.05,2,B,Online Chat,14:00:00,4,2,1
5393254b-1bb0-54d2-91ea-f0663a761006,60,NY,69532.0,10429.8,1,B,Online Chat,11:45:00,3,2,1
b1a2c8e3-dc97-5c45-9a9e-39c1b551313f,40,FL,84253.0,12637.949999999999,0,A,Online Chat,06:00:00,3,1,0
870e3c1b-7ff2-509a-a052-a5817c5e5a5e,41,IL,42323.0,6348.45,0,A,Email,07:15:00,2,1,0
2c279f57-4a8f-5796-8d9d-c602e2beb427,42,FL,44210.0,6631.5,9,A,Phone,09:30:00,2,5,0
8922e667-dc1d-5a79-9ab8-4a59a20950cd,24,TX,46456.0,6968.4,5,A,Email,11:30:00,5,3,0
751da755-8194-5a98-9056-49d01c03012a,23,FL,61367.0,9205.05,1,A,Email,15:00:00,3,3,0
14472dbd-c2ef-517a-8be6-e707b026bc2b,41,TX,84624.0,12693.6,4,A,Email,06:00:00,2,4,0
7a7ea069-3208-5e3a-ad74-3d66c0a9535c,50,CA,40106.0,6015.9,1,B,Online Chat,12:00:00,2,2,0
2c820cfb-f17a-5269-9d56-8551bed31e44,46,FL,98008.0,14701.199999999999,9,C,Online Chat,07:15:00,1,1,0
bf873f78-5023-516f-b0ba-fcd765c97dfc,60,IL,94315.0,14147.25,8,A,Phone,12:15:00,2,4,0
9aea996a-8201-5f17-8a17-95eead634344,39,TX,99249.0,14887.349999999999,4,C,Phone,09:30:00,4,4,1
cd3ea3fb-658a-5cc0-a247-6e3a48ac8643,43,IL,40756.0,6113.4,0,C,Online Chat,14:00:00,6,1,0
c52425e2-8a3a-5f48-987d-52bebdfa6560,45,NY,98011.0,14701.65,0,B,Phone,09:30:00,5,3,0
8f2376a0-10c5-58a7-be72-b211f1cbc62b,38,TX,66378.0,9956.699999999999,2,A,Online Chat,06:45:00,1,2,1
a24ebff9-34d9-529d-ac2c-82636b8a7286,24,FL,34255.0,5138.25,0,B,Online Chat,09:15:00,6,3,0
d8883046-5550-57c5-9d49-c4075b326a09,34,TX,44484.0,6672.599999999999,1,A,Email,14:30:00,1,4,0
b060767f-95c2-5e95-ae03-a9a7174c05d4,37,IL,86549.0,12982.35,1,B,Email,10:30:00,3,2,0
0caf6c46-8654-507e-bc6c-cedf26fb5ed3,58,FL,64503.0,9675.449999999999,1,A,Email,06:00:00,5,5,0
d80d163d-1935-5658-a856-ec071a45ffc9,37,TX,75113.0,11266.949999999999,4,A,Phone,12:45:00,5,4,1
de1d1917-e54f-556f-a6af-5a69abe5a54a,39,FL,35249.0,5287.349999999999,5,C,Phone,10:00:00,1,3,1
60ca406a-8ef7-5672-8e28-8b31cb269fa2,45,NY,49201.0,7380.15,2,C,Online Chat,10:00:00,1,3,0
18da622e-5732-5b88-97d4-ba1c4e483b27,57,CA,88576.0,13286.4,4,B,Phone,05:15:00,5,3,1
4cff791b-1eb4-5099-b9cf-e1de3bf9f086,24,NY,39686.0,5952.9,4,A,Online Chat,16:15:00,1,1,1
2ed8aaea-2967-5620-84d7-d7655e2da252,40,TX,83363.0,12504.449999999999,0,C,Phone,13:15:00,5,4,0
6510b1d7-6daf-5ec3-9e96-ced128e0332e,49,IL,30661.0,4599.15,0,B,Phone,06:00:00,3,2,0
b70f871d-495f-5fcd-b9ac-4e4f2c75b6fc,30,IL,74843.0,11226.449999999999,0,A,Phone,12:00:00,4,3,0
3998d25d-7b7e-5ca2-bf53-f70bbad42a37,47,FL,90963.0,13644.449999999999,1,A,Email,05:30:00,33,3,0
dbef7c41-4ee8-5509-93e4-31d8601980ce,40,IL,72828.0,10924.199999999999,0,C,Phone,17:30:00,3,1,0
96b41bae-915f-579f-baa6-dbeffb77d670,36,CA,78604.0,11790.6,0,A,Email,07:45:00,5,2,0
3a1ec632-dc37-5cc7-8231-2ced678b994d,49,IL,40526.0,6078.9,0,C,Email,14:45:00,2,4,0
65081739-d0d8-562e-9f87-5079246cd609,47,FL,98910.0,14836.5,4,A,Phone,06:00:00,6,2,0
a9023412-36c8-5063-b68d-6a9079a3e600,46,TX,55592.0,8338.8,9,B,Online Chat,06:45:00,6,1,0
78418a97-15cc-5b70-8c78-e8aa1cb88141,62,TX,58982.0,8847.3,0,A,Online Chat,06:00:00,1,2,0
7f62c2a8-5517-52d3-90d5-0eaf8f8ab4d5,46,IL,75000.0,11250.0,4,C,Online Chat,06:00:00,3,2,0
f31387b4-852e-5e0d-9dea-d94eea084e51,47,NY,98619.0,14792.849999999999,5,A,Phone,09:00:00,8,3,0
12057e7a-4ac5-5604-8a49-5bde3abb5562,33,TX,59328.0,8899.199999999999,0,A,Online Chat,06:00:00,1,3,0
f64fdb43-f122-5ca6-b3e1-11cf9a1d4ffa,57,IL,76479.0,11471.85,4,A,Email,13:30:00,1,2,0
6f69deb5-a000-5d9f-950d-4ced7c2c68f5,36,FL,50103.0,7515.45,6,A,Online Chat,10:30:00,5,5,1
c0a3a6fc-b8ad-5d5e-a655-9480b321a730,35,IL,69891.0,10483.65,2,B,Phone,06:00:00,7,3,0
92c11618-1bab-5cc3-b857-f64b2d3f401f,18,TX,40754.0,6113.099999999999,4,C,Online Chat,14:45:00,6,3,0
9e4c823a-88cd-58f2-b227-1b4cea69d42c,31,FL,85922.0,12888.3,4,B,Email,07:30:00,5,2,0
27c278be-c206-572d-9c32-4e4f34493d01,64,IL,78231.0,11734.65,9,B,Phone,06:00:00,1,2,0
9434a67f-ba7d-5bd8-9100-73452bf14f85,19,CA,59301.0,8895.15,1,B,Online Chat,15:15:00,3,3,1
16ea4901-1b2b-5c2a-aac1-5f19c2690346,45,FL,92711.0,13906.65,1,B,Phone,10:00:00,6,1,0
70a24e9e-788b-54e1-bea4-aa4f004f7bbc,47,CA,71323.0,10698.449999999999,0,B,Phone,15:00:00,5,1,0
c6944dea-7a96-5ed8-8141-053852c11fa0,55,NY,48752.0,7312.8,3,A,Phone,17:30:00,8,2,0
8c7b8f68-d381-54d6-ad7d-a4caeb686e98,21,FL,43395.0,6509.25,3,C,Online Chat,09:30:00,4,5,1
32a4aaab-0aa1-5566-98a5-8f3d038e9a5e,18,CA,86273.0,12940.949999999999,0,A,Phone,05:30:00,8,2,0
fd8c6a74-d67f-5da5-89ec-0bdeadada81a,25,TX,34895.0,5234.25,0,B,Online Chat,15:00:00,2,1,0
e3f1b01e-03a1-5c8f-b787-f366f47276ec,46,TX,40699.0,6104.849999999999,0,C,Email,13:30:00,9,1,0
c5134b2d-4b85-514c-bd58-b28735686d2d,56,NY,95061.0,14259.15,4,B,Online Chat,14:45:00,1,2,1
cc8ffe02-b33c-579b-9186-52ea0c90f333,20,FL,39715.0,5957.25,0,C,Email,05:30:00,2,2,0
8e142862-7fa5-53f8-b0b2-8a8faef53ee7,49,FL,49169.0,7375.349999999999,6,C,Online Chat,09:30:00,4,5,1
02d7a35e-eec4-54b3-bd1c-38873ef89b23,27,FL,46163.0,6924.45,0,B,Phone,09:00:00,4,4,0
993f0a13-5dca-5333-bb3c-81cec0c124fa,27,NY,35782.0,5367.3,2,B,Online Chat,12:30:00,6,1,0
9940464a-5e42-5576-8734-a6bc7d62de60,36,FL,65585.0,9837.75,0,C,Phone,12:00:00,5,2,0
9d060835-3c22-5344-a4d1-a676efec2839,63,TX,60682.0,9102.3,0,A,Email,09:15:00,6,1,0
4a5e8004-f09d-5c52-8a76-2392c2f322e9,51,CA,77864.0,11679.6,1,B,Online Chat,08:30:00,2,2,1
6532ef6c-4a27-501c-b5a8-ee4bcd2633f6,50,TX,85114.0,12767.1,0,A,Phone,10:45:00,2,1,0
68888b75-59b8-5e0d-ada9-570c3ac51a2b,40,TX,68067.0,10210.05,0,B,Email,11:15:00,9,2,0
3570c0b1-d7bf-58fe-b92d-cf9c5b2599f6,45,CA,72685.0,10902.75,0,C,Email,05:30:00,8,3,0
9499c8c1-6c77-579a-a5a5-6e2ac0f49682,49,TX,48073.0,7210.95,4,B,Online Chat,05:15:00,2,1,1
b930a7dd-3821-5298-9f54-37e5a1250bc3,24,NY,66035.0,9905.25,0,C,Email,16:45:00,6,2,0
80f1aa2c-e911-57f5-9114-de833db762a1,46,CA,94977.0,14246.55,3,C,Phone,09:30:00,5,3,1
184848d4-07da-5632-bfa4-d41fd688e443,25,TX,95450.0,14317.5,0,C,Email,14:00:00,1,4,0
5f3f8319-65b1-554c-a8b5-89a7542060dc,18,IL,40382.0,6057.3,0,B,Email,05:00:00,9,2,0
dc9328f7-a169-5393-b7eb-5dfc16e3e2e0,20,TX,34437.0,5165.55,0,C,Phone,05:30:00,2,2,0
37920a84-0e81-54fa-b6dc-f279d08905ae,41,NY,94612.0,14191.8,8,C,Email,15:45:00,9,1,0
6f0c48fd-3fba-5b8a-97b6-d667bba1ce9c,40,FL,91929.0,13789.35,1,B,Email,05:15:00,8,2,0
cb92fc67-93a8-5e0f-8286-0d2b6006c0b6,25,TX,42329.0,6349.349999999999,0,C,Email,05:30:00,3,3,0
d75860d3-2186-5898-b1c9-ffcf7e0e9020,64,FL,55169.0,8275.35,2,B,Email,17:45:00,1,2,0
1a0bd463-2858-5e68-bfdf-2169af71bb14,54,IL,64594.0,9689.1,1,C,Phone,05:30:00,8,2,0
2635d2ed-2328-5271-9193-88fd99dc068c,20,TX,15000.0,2250.0,0,A,Email,14:30:00,7,1,0
d7064cd4-bdbd-59e5-be3b-ac7db2c8e7c5,50,CA,75033.0,11254.949999999999,4,A,Phone,13:30:00,5,4,1
2d8efa9b-cf76-5d1a-87e1-0224bdcafc86,45,FL,93133.0,13969.949999999999,0,C,Email,05:30:00,1,2,0
8518fe15-5713-5cfc-8957-eb2e3189aacd,40,IL,82290.0,12343.5,4,A,Email,05:30:00,4,3,0
90dcf1b0-bb4b-56c0-899f-2217fb0db582,25,CA,61750.0,9262.5,0,B,Email,05:30:00,9,2,0
5e37c9bb-3c54-547e-9d50-757e09f99624,51,CA,70461.0,10569.15,3,A,Email,14:30:00,2,5,0
67ad695b-3758-5faa-b8c0-271c546c0276,52,CA,54226.0,8133.9,0,C,Phone,05:30:00,1,2,0
932565b5-0ed7-5f16-8bc5-7638e8bab30a,49,CA,36721.0,5508.15,0,C,Phone,07:15:00,9,1,0
444acd46-92e6-55e4-a8eb-5b14fa961afb,41,TX,86154.0,12923.1,3,B,Phone,14:00:00,5,3,1
2cfda5e0-58f6-5927-8266-89cb07c16208,31,TX,50609.0,7591.349999999999,1,C,Online Chat,09:30:00,1,2,1
a3294a0a-3e93-5578-8111-9e44f1410218,49,TX,82130.0,12319.5,1,B,Email,05:30:00,7,2,0
eb5ca7ce-b2a8-5c44-80ff-07402dc42879,63,IL,85249.0,12787.35,0,A,Email,16:30:00,4,3,0
cf529db4-e5f7-5dff-9f6d-c238d548b76b,60,FL,78895.0,11834.25,2,C,Phone,09:15:00,1,5,1
d2d9eadb-193c-5940-bb06-b3643a2cbae1,33,IL,35656.0,5348.4,0,B,Online Chat,08:45:00,6,2,0
f6a5333d-be61-5100-9f23-bd649118515f,21,NY,93740.0,14061.0,1,B,Email,16:15:00,3,5,0
d46cfaee-aaef-5252-bcb2-0cdcd7fe1d9b,54,IL,94309.0,14146.35,0,C,Phone,13:45:00,1,2,0
ea4b21d5-c073-5d1e-8b6c-e8374160c24b,38,TX,59984.0,8997.6,0,A,Email,05:30:00,6,5,0
131e554f-ab48-53b0-828c-ac9df5ce51b2,31,TX,35901.0,5385.15,3,B,Email,16:30:00,5,1,0
c8ccc0f8-e675-56d8-aba9-b022fb07c320,48,NY,61552.0,9232.8,6,A,Phone,14:45:00,2,5,1
b9d305b9-fb0f-5f97-b0a0-70ac8856a991,35,NY,61055.0,9158.25,0,B,Phone,15:15:00,2,4,0
47043b40-a2ee-535b-b9f9-c4e045378bcd,24,IL,67685.0,10152.75,0,C,Email,15:15:00,7,4,0
f979f79c-916d-578b-9eba-2d8a91ce9b5d,27,FL,44716.0,6707.4,0,C,Email,15:00:00,2,3,0
b0e31624-5603-50fd-9b24-5479fbf47206,24,NY,41138.0,6170.7,8,C,Phone,09:30:00,2,5,1
ec98e71d-cfd3-5c4d-b8ea-8dd122689d9b,50,CA,65298.0,9794.699999999999,6,A,Email,05:00:00,5,5,0
3e855912-7709-5471-b119-69e06007b496,40,TX,81112.0,12166.8,0,A,Email,05:30:00,4,2,0
7c8e280a-56fa-571b-ad23-7e36561387f0,38,CA,53429.0,8014.349999999999,0,A,Phone,11:15:00,7,1,0
01769499-3542-5a29-8df8-d65c822b14a0,36,TX,80200.0,12030.0,0,A,Email,10:15:00,8,3,0
f387742c-f921-5f7e-ad0c-d863f680309e,36,TX,78244.0,11736.6,2,C,Email,05:45:00,4,5,0
5ee3233d-ebd1-5efe-9aec-e4a11eaaff14,53,NY,47347.0,7102.05,0,B,Online Chat,10:15:00,1,2,0
7043c458-19ea-5d4d-9d4e-d9f0b37d9339,46,NY,46920.0,7038.0,4,A,Phone,12:00:00,1,1,1
7695af8d-649b-5566-b574-91e55ab71659,35,CA,61822.0,9273.3,6,C,Online Chat,11:45:00,1,3,1
4e2b3524-fd74-5fc5-8d49-4cb20ff10199,40,TX,,,0,A,Online Chat,05:30:00,1,3,0
041f7a6b-993b-5447-9eec-ac341a853b24,18,CA,70108.0,10516.199999999999,4,C,Online Chat,09:30:00,5,5,1
e349b980-3576-536d-a99d-1aa1df5c288d,64,FL,37967.0,5695.05,4,B,Email,05:30:00,4,3,0
c358aa54-e160-5484-9e75-724876fbfecd,22,CA,41871.0,6280.65,0,A,Email,13:15:00,1,2,0
407d2884-3742-547b-87ba-6bc789e0d05a,37,IL,63613.0,9541.949999999999,0,C,Online Chat,10:15:00,3,3,0
2948149b-6ea1-50b9-8006-3646ad02c2d9,28,CA,58179.0,8726.85,3,C,Online Chat,06:15:00,1,4,1
162381f8-87ae-5d20-b7b8-5ed8bea4344d,59,IL,82188.0,12328.199999999999,0,B,Online Chat,10:45:00,8,2,0
54552b88-b142-594c-9708-48515526c975,40,IL,15000.0,2250.0,3,C,Email,08:00:00,6,1,0
209d047a-fe5a-57ff-bce6-5cd1f49ec500,20,IL,65262.0,9789.3,1,C,Online Chat,16:45:00,1,1,0
ae0dedd5-3f7c-51a3-af36-f26ebbce49e1,40,FL,48268.0,7240.2,4,C,Online Chat,06:15:00,1,5,1
01665ec0-45ae-56e0-99b7-3e6c884c5899,29,CA,90545.0,13581.75,0,A,Phone,16:30:00,3,5,0
e162fc55-c96e-5ff3-a583-33def751a273,37,CA,69922.0,10488.3,6,A,Phone,14:00:00,1,4,1
0e190b37-b6d2-5aa2-b80c-f811d69966c1,22,FL,72913.0,10936.949999999999,0,B,Email,05:30:00,4,1,0
677f9a96-2a8c-5323-8b5b-39bb2872e244,54,TX,85677.0,12851.55,0,A,Phone,10:00:00,1,1,0
c113a668-faa4-5145-ad90-843ef1cf1374,55,NY,79841.0,11976.15,3,A,Phone,17:00:00,1,1,1
c2050fa4-932c-509a-94c5-616d86b5fb81,47,CA,76332.0,11449.8,0,A,Phone,16:15:00,3,1,0
323e484f-3831-5957-aa98-da334d55a612,26,NY,55032.0,8254.8,0,C,Email,16:00:00,1,3,0
f849562b-39b4-569f-a786-0d13f29189cf,51,FL,67846.0,10176.9,4,A,Phone,09:30:00,1,2,1
4c2c81ae-6a3c-5395-9db2-6052610c11a3,61,TX,89474.0,13421.1,6,A,Email,10:15:00,2,2,0
f948c7d9-3d3b-56bb-ba50-55927209dd56,52,TX,74936.0,11240.4,2,C,Online Chat,13:00:00,1,4,1
2ecf869c-3046-529e-86be-ae8c2f1a0221,39,TX,59794.0,8969.1,0,A,Phone,05:45:00,3,3,0
7ead458c-17ad-5126-a790-50baecab3e91,61,FL,91588.0,13738.199999999999,0,A,Email,05:30:00,4,1,0
9059c22b-fe1c-5452-8aa7-54a6f47580af,41,IL,80331.0,12049.65,0,C,Phone,12:15:00,5,1,0
0717f7cb-b733-5f6e-8d5c-e2558d5f1aa7,34,IL,58141.0,8721.15,1,B,Online Chat,05:30:00,3,5,0
56d8cabb-31ea-5e46-bd97-f4b984bef4c2,27,NY,39074.0,5861.099999999999,0,C,Email,10:00:00,2,5,0
618c34b3-b365-5ca6-a343-22f363d4f176,47,IL,36406.0,5460.9,0,B,Email,13:30:00,2,4,0
0561fcf5-4da2-5282-9a74-180700465318,40,IL,53291.0,7993.65,7,A,Email,09:30:00,7,1,0
fa8305d8-a0f4-5e53-b860-d06037aabb91,40,TX,71568.0,10735.199999999999,4,A,Online Chat,07:00:00,2,4,1
11be0ed7-ccf8-55ce-b93c-c5662771b836,49,TX,76851.0,11527.65,2,A,Online Chat,14:45:00,2,3,1
fe88d66f-f21b-50f1-9c19-967155d1a774,34,NY,84823.0,12723.449999999999,3,A,Online Chat,16:30:00,2,2,0
e3b885a1-94fa-5fb2-82e3-d8096a28666f,34,CA,53312.0,7996.799999999999,0,B,Email,07:30:00,7,1,0
23abffd6-023e-5c35-9539-15988d381f6a,31,NY,73108.0,10966.199999999999,7,A,Online Chat,14:15:00,7,3,0
b07d47bd-1fd1-5299-af16-a0723b563956,26,NY,15000.0,2250.0,0,C,Phone,05:00:00,3,1,0
1f6367a7-fa8c-5b72-afda-cfddc33bb7bc,57,FL,64171.0,9625.65,4,C,Phone,09:30:00,2,5,1
84006f86-916a-5f9c-9f59-e7ae2da9c5d6,19,FL,71779.0,10766.85,0,B,Email,15:30:00,1,4,0
5ff92c4f-d151-5c70-beeb-63551466a48e,62,NY,98828.0,14824.199999999999,8,A,Phone,14:00:00,1,5,1
565a65fa-5ef7-5a86-8141-01fa02a32e94,42,NY,42411.0,6361.65,0,C,Online Chat,05:30:00,5,2,0
2f1c71db-1891-53cf-bbbd-2cd090cedb5b,56,NY,87009.0,13051.35,1,B,Phone,15:45:00,2,5,1
bfff2b6f-9f12-5ac3-bbb1-b049f0195a99,26,IL,45422.0,6813.3,5,A,Phone,05:30:00,2,1,0
72e6f808-081f-51a5-a1c7-e305238182dc,39,FL,72468.0,10870.199999999999,1,C,Email,10:30:00,7,5,0
f4351e78-1aec-5c1f-b1aa-a0945bf60594,60,NY,62371.0,9355.65,0,A,Phone,05:30:00,4,1,0
1f997b99-ab8e-58e5-afd2-51b37a7b4a42,40,FL,87022.0,13053.3,3,C,Phone,12:30:00,4,2,1
5c1f5fa6-c9c4-5635-bae3-c2935cd5da59,21,TX,81196.0,12179.4,0,C,Email,10:30:00,2,5,0
c8e691b1-8aa1-5ee0-8c21-a6bee875076f,43,IL,56715.0,8507.25,0,A,Email,08:15:00,5,4,0
9146446e-d7c8-5241-be12-31d32d835011,46,IL,57605.0,8640.75,0,C,Email,08:15:00,4,4,0
94b8f9c4-8b29-59fc-9672-ded4aa65a8f5,62,CA,61174.0,9176.1,2,A,Phone,12:15:00,1,4,1
79b7abd3-2891-56f4-9c90-3fda017b5f65,51,CA,83000.0,12450.0,5,C,Phone,09:30:00,2,5,1
b66b1a07-af2d-528a-bb03-d7047f6046a9,40,CA,99252.0,14887.8,0,A,Phone,05:30:00,3,5,0
4880b1a7-4c49-5b9a-92a2-88ed67f57726,54,NY,91949.0,13792.35,0,B,Email,16:30:00,6,5,0
59679028-0fb7-563e-91af-95a7f1d3732d,28,IL,15000.0,2250.0,0,B,Online Chat,05:30:00,4,1,0
17bcd717-6191-5d19-a935-425799b8a75c,23,IL,93037.0,13955.55,3,A,Phone,11:15:00,1,2,0
4da47f13-6f60-5d37-85da-7394e158a532,35,TX,36548.0,5482.2,4,B,Online Chat,14:00:00,2,4,1
a9de635e-6904-5444-a1ec-82df44c665cd,38,NY,53177.0,7976.549999999999,0,C,Email,16:00:00,2,1,0
fd76bae3-bf2d-5ec7-b57b-045cd0dcbc35,59,FL,54022.0,8103.299999999999,0,B,Phone,16:15:00,3,4,0
66f414cd-e747-54a6-9bab-8620e790fb60,53,CA,75000.0,11250.0,6,B,Online Chat,09:45:00,1,1,1
e15f966e-2e6b-59fd-a21a-a37bbd710deb,58,CA,90428.0,13564.199999999999,4,B,Phone,11:30:00,5,5,1
ef627bb2-8960-5fdb-981d-d2b45c2cc14e,55,FL,52740.0,7911.0,4,C,Phone,13:00:00,3,4,1
3c5bb81a-31cb-513c-b472-2be5f9bf19e1,51,NY,89353.0,13402.949999999999,6,A,Phone,09:45:00,2,5,1
f4f269bb-cd79-573f-8f31-c72b233d4d27,34,NY,86532.0,12979.8,0,C,Online Chat,09:30:00,2,4,0
2ad8233b-0f6f-5327-a40f-6beb12853530,54,FL,46052.0,6907.8,0,A,Email,05:30:00,4,3,0
5c82096f-276a-5ad4-986b-8e07bf2dbc6a,42,FL,77076.0,11561.4,2,C,Phone,05:30:00,5,1,1
7d77c494-db85-55d6-8886-c1e106ca06d8,55,FL,83420.0,12513.0,1,A,Email,12:15:00,5,3,0
d524c126-22d8-5e0a-b6aa-463a410dffc3,29,NY,165355.0,24803.25,1,B,Email,09:45:00,4,1,0
ad9c594e-7b0c-5cc1-9baa-5c3456b98cfe,40,NY,30163.0,4524.45,6,B,Online Chat,15:00:00,4,2,1
98cc5c87-7b83-5ac6-b99f-39c0bbd2beb8,59,FL,71424.0,10713.6,2,C,Online Chat,15:00:00,4,4,1
2dc7b164-b658-58b7-a0c2-bd4f4bee116b,39,FL,83744.0,12561.6,0,A,Email,12:30:00,4,2,0
a290c1db-4eec-51a6-996a-e9f474206649,38,NY,40634.0,6095.099999999999,2,B,Phone,08:00:00,4,2,1
f2b516f9-3cbf-5723-b7ed-aa9cddc0f732,44,FL,34798.0,5219.7,2,C,Online Chat,08:45:00,5,1,1
2cd243c3-4cd9-5803-b5eb-cb02c8c8cc9c,48,NY,52420.0,7863.0,3,A,Phone,12:30:00,2,3,1
2a9a9a00-264c-589d-9f7c-f9b873651980,23,TX,59300.0,8895.0,0,C,Phone,05:30:00,2,5,0
1fcee2d5-2ca5-55db-8061-645e7c0f28b6,44,NY,40749.0,6112.349999999999,0,B,Phone,05:30:00,9,1,0
ce549c74-4f57-559d-a508-a39e54c06c49,57,FL,55121.0,8268.15,4,A,Email,08:15:00,2,5,0
4e7416cd-f579-5a1a-916c-cd6e0f01e642,51,NY,67487.0,10123.05,4,C,Phone,05:30:00,6,2,0
03329c1c-e690-5004-bdc1-ea5c91ba4b72,29,NY,63361.0,9504.15,0,C,Email,05:30:00,2,5,0
b7388c52-fa2e-5652-b30f-c4e6c88f9b2d,45,NY,51223.0,7683.45,1,A,Email,17:15:00,5,3,0
60ab5753-0c40-5fce-b129-88dd10e2c2ca,24,TX,44056.0,6608.4,0,B,Phone,07:15:00,4,1,0
a5c4c3e2-7f4b-5530-b542-65ae7dec4373,27,CA,58380.0,8757.0,0,B,Phone,15:15:00,7,3,0
4dcd4189-5bd8-5bc5-97f9-a65156df415b,62,FL,56035.0,8405.25,6,C,Phone,16:45:00,2,3,1
a1c006e0-0054-543c-91f2-fe830ade64c7,34,CA,60620.0,9093.0,1,C,Phone,11:30:00,3,1,0
d9dfbf24-678a-5eec-a7f8-4595fbff3988,43,CA,49877.0,7481.549999999999,8,B,Email,05:30:00,5,3,0
6bf41600-41ab-515e-beea-594a05f8edf8,38,CA,85316.0,12797.4,25,C,Phone,07:30:00,1,4,1
6f6b6b76-1360-5528-a00c-3012bf4ccfc6,45,NY,94041.0,14106.15,4,C,Phone,12:00:00,3,4,1
6a3222cb-6e31-5443-9461-1e7c8f2f9347,40,FL,83352.0,12502.8,4,C,Phone,11:45:00,1,2,1
6d910809-8407-5b63-bbd3-6999baea24c4,19,NY,60911.0,9136.65,0,C,Online Chat,13:15:00,1,5,0
a09eae27-4e5c-5981-8dbe-8277a91b0cc8,60,NY,62784.0,9417.6,4,A,Online Chat,15:00:00,5,3,1
0721b78b-5582-5ad5-9c81-9195aa78c495,18,CA,33191.0,4978.65,2,C,Email,05:30:00,2,1,0
5db490a0-1fbd-530c-aaf8-18a1bccb4ea8,53,NY,63160.0,9474.0,1,B,Online Chat,15:00:00,4,1,1
b1edaf4d-06e8-57cd-a158-72d58c04c107,43,CA,94641.0,14196.15,4,C,Email,05:30:00,1,5,0
ef93c94d-895f-58e4-ad48-9b7d86f04d10,46,IL,79723.0,11958.449999999999,0,B,Phone,12:30:00,3,1,0
3e44d885-5cde-5d69-bbb2-03b54d8ac358,38,FL,33631.0,5044.65,7,C,Phone,05:45:00,7,2,1
aed23bd4-b73f-5522-8124-1657f0d85ed9,28,CA,36172.0,5425.8,0,C,Online Chat,06:15:00,3,3,0
a8e0358f-9346-556c-90ac-b1b643f641a1,57,IL,72080.0,10812.0,5,A,Phone,16:00:00,4,1,0
c5aca77e-4019-5e4a-9966-ba54967d825a,28,FL,50281.0,7542.15,0,C,Online Chat,13:15:00,2,1,0
819482dd-6f1c-5e32-88d4-06c46bb95e2b,53,TX,58671.0,8800.65,1,B,Online Chat,06:30:00,3,2,1
923fe122-e0df-5dff-81f4-1f663cbf41a9,56,CA,81431.0,12214.65,1,A,Phone,05:15:00,1,2,1
723562a0-ace9-5ae0-83ad-04c1ee1b1a34,57,FL,58602.0,8790.3,6,C,Phone,14:30:00,3,2,1
5dde9f46-bcd4-57fc-a0a8-9e3b94cbf8f3,52,TX,81399.0,12209.85,4,A,Online Chat,06:00:00,5,3,1
480570a6-5fa8-5a4f-b3c7-ff5c066568bd,51,TX,53472.0,8020.799999999999,3,A,Phone,15:00:00,2,4,1
b786da67-a367-5fb6-86b7-93a7529d715c,40,CA,79230.0,11884.5,3,B,Email,12:00:00,4,4,0
39a2eb00-d06f-5906-adb9-3e29f7e4e263,41,TX,37099.0,5564.849999999999,0,B,Phone,04:30:00,2,2,0
84e0683a-0d11-5f11-ac08-7a0b631ccc83,39,NY,55431.0,8314.65,0,A,Phone,08:00:00,7,3,0
aa31ba3d-76e5-5ef8-9d0e-6f15a238fb13,22,FL,86492.0,12973.8,0,A,Email,09:15:00,3,3,0
2ad28e57-0295-59c7-8547-22e820f85e8c,50,FL,77684.0,11652.6,0,B,Phone,05:30:00,5,2,0
f255fad4-e715-5298-9683-c5ebffe3b7be,53,FL,60111.0,9016.65,5,C,Phone,15:30:00,1,1,1
b6f14714-5eb9-5771-9fd2-ba918033c9df,64,NY,93936.0,14090.4,4,B,Phone,16:30:00,1,5,1
49005284-fc71-5f0b-8cbd-5406dc95d4d3,37,TX,52614.0,7892.099999999999,4,A,Phone,10:15:00,5,5,1
6ecbe5a0-56d1-5cf2-acc8-885d69cdc628,36,NY,71991.0,10798.65,3,C,Phone,05:30:00,9,1,0
edbe6978-f4ad-5776-adb0-3f8856f7ef15,52,TX,90920.0,13638.0,0,A,Email,05:00:00,1,2,0
16d1affc-dfd6-5e36-801f-4c62eac7fbfb,60,CA,93530.0,14029.5,6,A,Online Chat,15:00:00,1,1,1
623f2afc-5ef9-5c3c-ac88-3bd5da6208bd,34,FL,66224.0,9933.6,3,C,Online Chat,16:30:00,4,1,1
7027c13a-41ed-57bd-b3ca-73f3755092c1,62,FL,37788.0,5668.2,1,A,Phone,07:15:00,4,5,0
9707bdd1-e488-575a-8cba-beceddb64033,60,NY,58082.0,8712.3,6,A,Phone,15:30:00,2,2,1
df6e2421-ebe9-50d9-8d3c-c72d807620a7,51,CA,46531.0,6979.65,0,A,Online Chat,16:15:00,2,3,0
3fd79f48-8d83-545b-bad9-3c0228f0529e,26,NY,15000.0,2250.0,0,C,Email,08:45:00,9,2,0
ba283f33-681b-511b-8e4f-2ad69eb36945,43,NY,40142.0,6021.3,0,B,Online Chat,05:30:00,2,3,0
a563ab42-388e-5081-8525-994781be6288,19,IL,78355.0,11753.25,2,A,Email,07:15:00,9,2,0
827a872e-dedf-58fe-b9ad-c5b9d6850fff,26,CA,39866.0,5979.9,3,B,Online Chat,07:00:00,4,1,1
8b50a5a5-518c-5dad-9468-c650bccc7454,26,FL,94027.0,14104.05,3,A,Online Chat,05:30:00,2,2,0
9a1b69d6-faa8-5f4e-8b71-e69edabf2a0b,57,TX,87906.0,13185.9,0,A,Email,05:30:00,4,4,0
cb43a2c5-2fdd-554c-90e9-457c911aed9d,34,CA,58138.0,8720.699999999999,0,C,Online Chat,09:30:00,2,2,0
57c548b2-c539-5b78-b21b-24d3944e6ceb,40,NY,59956.0,8993.4,7,C,Online Chat,13:00:00,2,4,1
60bbcd61-f062-5057-9eab-246792692ba6,42,IL,75000.0,11250.0,0,A,Online Chat,09:15:00,9,3,0
901fcbfb-b952-54c4-a2fc-30d603214341,60,NY,77241.0,11586.15,6,B,Phone,05:30:00,1,4,0
398ea792-517a-52c3-a1a5-a429c5bb5eae,57,TX,72533.0,10879.949999999999,6,B,Email,06:15:00,7,2,0
cbdaf8e1-1d6d-58cc-acab-049017259de0,59,IL,58270.0,8740.5,5,A,Online Chat,13:45:00,3,2,0
adfc70ce-2198-5748-894d-b9f9a823bf20,42,NY,69279.0,10391.85,1,A,Email,10:45:00,3,3,0
5ff8bdca-94a0-50fe-b76e-bfc93c360f35,56,FL,53888.0,8083.2,1,B,Email,13:00:00,2,4,0
04b2d4dc-9170-5ff8-86c6-df0862a46b91,52,FL,47630.0,7144.5,0,B,Email,14:45:00,1,2,0
0845c89e-2dd9-5e5a-9016-c14d8f38e2d0,20,TX,15000.0,2250.0,4,B,Online Chat,15:30:00,2,1,1
4337c67c-7e30-58c1-b6d0-7bcf078ef97a,54,CA,65144.0,9771.6,3,B,Online Chat,15:30:00,4,5,1
769f7330-4100-5684-bc57-dcd9bf7aff52,61,FL,82161.0,12324.15,7,A,Email,04:30:00,2,2,0
a3e7a17c-1f11-5bd6-8ebf-4c896df6a1f3,40,FL,80979.0,12146.85,1,C,Phone,06:00:00,1,1,1
f56f6d49-ea3c-5a99-8d40-7b6d4fa2f40d,47,CA,36979.0,5546.849999999999,1,C,Email,05:30:00,2,2,0
f219cc7d-ba3f-5374-a929-4e35cd3d6eba,55,FL,56189.0,8428.35,4,C,Phone,14:00:00,4,1,1
ec852aa7-9452-534f-836a-ca2ee71e68d3,51,FL,72600.0,10890.0,7,C,Email,05:30:00,3,2,0
8410db9b-1f3a-58c0-aa55-631d6d812be9,29,TX,89560.0,13434.0,4,A,Email,11:30:00,1,1,0
663fb976-df6f-56eb-926d-41e7a0309056,36,TX,91558.0,13733.699999999999,0,A,Email,04:45:00,4,2,0
3b084359-abce-56f7-a3af-6bd0fc8b39c0,54,FL,83000.0,12450.0,5,C,Online Chat,14:00:00,5,4,1
3fc385d1-00dd-5889-9b54-6487c3b20f57,61,IL,87713.0,13156.949999999999,0,B,Phone,10:00:00,2,2,0
64296a0c-5080-503f-84a4-2cfb3b1e3385,34,NY,76857.0,11528.55,0,B,Phone,14:30:00,2,3,0
fd4b37be-337e-58ca-895c-29bc5cf59f49,27,CA,64964.0,9744.6,0,B,Email,06:15:00,5,3,0
5b109fc8-4fe7-5a49-8937-e4a6dc3aa5d6,64,FL,55227.0,8284.05,3,C,Online Chat,15:30:00,2,3,1
2a6870c0-961e-5561-9f69-26f3df24fcd0,29,FL,35978.0,5396.7,0,C,Online Chat,15:15:00,5,3,0
ad068024-e4b7-5a3f-a009-bb28148f5d57,33,CA,47153.0,7072.95,4,C,Phone,15:30:00,1,2,1
d7d433b0-538b-58b6-acd3-800903fbf123,41,TX,89765.0,13464.75,0,A,Online Chat,06:30:00,1,4,0
fe1a82ba-cec1-5466-bf52-9f2449da8727,36,NY,69071.0,10360.65,3,B,Phone,15:30:00,3,4,1
03f5555b-edf6-5801-82d5-3d144aade5ad,25,TX,15000.0,2250.0,1,B,Phone,05:00:00,2,2,0
64b27031-38d9-5282-afc1-216341ea84e7,48,FL,,,0,B,Phone,10:15:00,3,1,0
47cc1359-e530-53f3-bd17-580495ec187c,38,CA,90703.0,13605.449999999999,0,C,Online Chat,10:30:00,9,2,0
abb3973b-1b4b-5cc9-8ac1-380bac735767,34,FL,94379.0,14156.85,0,B,Phone,18:00:00,2,2,0
2e72f33a-4c6c-5b08-bb32-1d32d0697f1b,40,CA,87866.0,13179.9,0,C,Phone,11:45:00,2,2,0
4e33c8b8-3544-5170-8e49-59d3c7e2126d,54,NY,46905.0,7035.75,0,B,Email,05:30:00,3,2,0
00f6cd4a-f6c7-5a2b-8491-0eeb61e4c2b2,33,NY,75838.0,11375.699999999999,0,B,Phone,05:00:00,4,4,0
b6592126-bbd5-5d74-94ce-f1550a80634d,23,IL,88279.0,13241.85,0,A,Phone,10:45:00,9,1,0
88581312-36d6-5940-a097-69085f70d35f,25,NY,56806.0,8520.9,5,B,Email,10:30:00,3,2,0
fc3e2b7c-4b50-5a1b-8221-a49d61a5aa9a,42,FL,75000.0,11250.0,5,B,Email,07:30:00,2,2,0
77fa59ee-faca-579f-aa14-e55faee7116c,35,NY,52168.0,7825.2,0,A,Online Chat,12:45:00,3,2,0
f6be0621-2e28-540a-9921-d0718f69031c,42,CA,68714.0,10307.1,0,C,Phone,16:30:00,2,3,0
62d093ce-95be-5682-bb4e-7085a2662908,29,CA,84093.0,12613.949999999999,1,C,Online Chat,05:30:00,7,2,0
f322ee26-28eb-5d27-b91b-13ed3a7f34e1,32,TX,85419.0,12812.85,0,B,Online Chat,16:30:00,9,2,0
cc074a02-0660-5673-882f-e651c74101fc,43,CA,79145.0,11871.75,1,C,Email,14:00:00,2,5,1
15c0555f-62e9-59e8-ba34-28da4b0584a6,58,FL,32461.0,4869.15,0,B,Online Chat,15:45:00,6,3,0
23e345b0-b3f5-5ef3-877a-594f9f9b4f33,40,IL,44291.0,6643.65,9,A,Phone,11:00:00,2,1,0
a37c3611-edcd-55c0-9a46-c9961ffd13be,43,NY,76804.0,11520.6,3,A,Email,10:45:00,2,2,0
cc5feaeb-4762-572d-8654-66f29c4f96d2,64,FL,94946.0,14241.9,4,C,Phone,15:30:00,2,1,1
e39f1591-ae55-5499-8ddc-a157777e1ccb,49,NY,91332.0,13699.8,0,A,Phone,16:30:00,5,3,0
e11d8366-846b-5499-8ca7-0793f8dad814,27,CA,60841.0,9126.15,0,A,Email,05:30:00,8,2,0
0c4c92f6-4c03-550b-9e6b-750e5c5a5e17,33,FL,78758.0,11813.699999999999,0,B,Phone,07:45:00,9,2,0
cd4f9bc3-0161-57b5-8a40-6fc69e02865f,24,NY,67643.0,10146.449999999999,0,B,Email,11:30:00,2,4,0
a49adee0-67ab-5034-820f-2252dd5ccc99,34,TX,80408.0,12061.199999999999,6,A,Phone,09:15:00,5,5,1
155bc810-7680-56fe-8e6e-4dde15266ed4,40,FL,73950.0,11092.5,5,C,Email,14:45:00,2,2,0
83da4ad2-c832-5c1c-b299-9a2d5d5ab7b1,43,FL,86849.0,13027.35,1,C,Online Chat,18:00:00,6,2,0
e5690060-8039-51ce-a2de-6851cec75e42,38,FL,58044.0,8706.6,0,B,Phone,05:30:00,6,2,0
63773e56-e5b6-5c3a-9890-b0826bdc9955,39,FL,45997.0,6899.55,3,C,Email,08:15:00,2,2,1
517a1d5c-eb63-5b3f-92fc-c6a0f1244f6f,24,FL,53911.0,8086.65,0,C,Phone,10:30:00,3,2,0
be894baf-0485-510e-b040-ee0d1efaf9e1,31,CA,85533.0,12829.949999999999,2,A,Phone,08:30:00,3,1,1
b7e4de99-cbdc-5843-bc6e-7df36c98b220,32,FL,44571.0,6685.65,0,C,Phone,15:45:00,9,1,0
eb7acf25-01c9-5567-84db-44db9e0948a9,24,IL,15000.0,2250.0,0,C,Email,13:00:00,2,2,0
e4ff475f-e81e-59a8-be02-bd4f2c7bb462,26,FL,88005.0,13200.75,6,C,Online Chat,14:00:00,5,5,1
0cac2d90-5e52-5886-a530-229526e7c1cd,25,TX,15000.0,2250.0,2,C,Online Chat,06:00:00,2,3,1
6978bfe8-2184-5afc-a914-3a90cc8c6adf,40,TX,73541.0,11031.15,1,B,Online Chat,09:45:00,1,4,1
2209941d-c61c-5165-b556-02b5d36c39ac,46,NY,53387.0,8008.049999999999,8,B,Email,15:30:00,1,5,1
ef3d6533-06a2-5ccb-8f4a-b86f248e4876,35,CA,78908.0,11836.199999999999,0,A,Online Chat,07:15:00,4,5,0
68e182cf-0172-59b0-82c3-1ea15f22a4e8,48,CA,43057.0,6458.55,2,A,Email,05:30:00,2,2,0
f0c5df7e-8e1b-5790-8fca-a17c3d9bf30b,47,NY,94028.0,14104.199999999999,3,A,Phone,15:30:00,7,2,0
120b7d62-889b-524d-995a-ca35b3fe1e60,56,FL,85731.0,12859.65,4,C,Phone,15:00:00,2,1,1
3a5ed1f7-3bfa-572c-870a-a66354955f40,52,FL,54858.0,8228.699999999999,0,C,Online Chat,05:30:00,2,1,0
fd185cff-2bc0-502a-89ed-37cb459ca390,35,NY,78689.0,11803.35,0,B,Email,12:30:00,5,3,0
5ae82625-743b-5e91-a668-920c738e4c25,59,NY,74638.0,11195.699999999999,0,B,Phone,05:30:00,4,3,0
40d2249a-67d4-5bcb-94a1-9137645e57b1,56,IL,76486.0,11472.9,4,A,Email,05:30:00,2,3,0
71b89201-974e-58ae-8aa0-95dc4b7cef7c,34,NY,50567.0,7585.049999999999,1,A,Email,05:45:00,4,3,0
af32e213-49e6-50ed-a3c2-0afdb7e440a4,31,NY,59739.0,8960.85,5,C,Phone,18:00:00,6,2,0
c93e788e-aa8d-5bb0-89f7-0cd2f6a09d76,48,CA,87804.0,13170.6,5,C,Email,09:45:00,5,5,1
b13ff245-2860-5030-8bef-8f2748ad43fe,41,FL,33754.0,5063.099999999999,0,A,Phone,12:45:00,2,1,0
e8b10cf6-182d-5b22-bbfd-28896509bd5e,52,NY,57044.0,8556.6,0,B,Phone,17:00:00,1,2,0
a5211372-9d78-5071-8db1-87a0d3593f7d,61,TX,97260.0,14589.0,0,B,Phone,11:45:00,2,2,0
4dc76b93-d264-53cf-8a57-e889377a8175,40,CA,96912.0,14536.8,1,B,Email,18:00:00,2,2,0
847d356b-ddca-5a23-9a30-13535db30b6b,51,TX,38706.0,5805.9,4,A,Phone,06:30:00,9,2,0
e2a9492f-483a-59b8-995d-3a5b917748c9,20,CA,38894.0,5834.099999999999,0,B,Email,09:00:00,3,3,0
9d5234b1-e7fe-5b55-8721-f232ffcaa30b,54,FL,48037.0,7205.55,1,C,Phone,14:00:00,4,3,1
933cd9ae-29cb-5ae0-8c23-03cab254a60c,60,FL,81612.0,12241.8,6,C,Phone,15:30:00,2,1,1
5b173a09-3f41-5efe-aa6b-f9146f0614ad,57,IL,59725.0,8958.75,8,A,Online Chat,18:00:00,2,2,0
1f540fbb-821d-5409-b384-b43127329537,43,TX,83000.0,12450.0,1,C,Online Chat,13:30:00,3,3,1
896be737-8f1c-5fad-8eeb-05cb804279e2,40,CA,39496.0,5924.4,0,A,Online Chat,11:45:00,5,2,0
b3fbc981-7f48-57b1-bef4-8250a9d63a0a,61,FL,86447.0,12967.05,5,B,Email,08:15:00,2,1,0
31747ea1-8ed1-56f5-8747-0a73bef1af15,56,NY,59806.0,8970.9,1,B,Email,12:00:00,3,2,0
e7961006-54cd-54e8-9e9f-a7bd93627279,32,FL,71321.0,10698.15,0,B,Phone,15:15:00,7,2,0
72ae1223-142f-5d1f-8531-a8e7787dd16c,40,NY,95095.0,14264.25,1,C,Phone,14:00:00,8,2,1
1f95b489-dc6d-5195-b3c2-b04364581601,46,CA,52656.0,7898.4,6,A,Phone,08:45:00,3,3,1
40f55675-fa60-5662-b3b8-e0ed8eff271e,39,FL,85147.0,12772.05,6,B,Phone,06:15:00,2,1,1
e50ecede-c5a6-539e-812a-c729a9a3ab20,42,FL,79666.0,11949.9,2,C,Email,15:30:00,3,1,1
9048e761-f6b0-5251-b190-8d086b60722c,30,CA,68787.0,10318.05,0,B,Phone,09:00:00,2,2,0
786e844e-c93d-5112-a66d-4f80ddc36ecc,35,FL,92946.0,13941.9,2,C,Phone,10:30:00,1,2,1
d55a7161-4165-5819-b6f9-6124af38690b,50,NY,51727.0,7759.049999999999,2,C,Online Chat,11:00:00,3,2,1
848ead0f-4564-5911-a8cc-706f64cc890b,33,FL,98056.0,14708.4,3,A,Phone,13:15:00,5,1,1
5a72b502-0012-5559-a02a-a9f63213dff7,62,TX,33081.0,4962.15,0,A,Phone,17:45:00,3,4,0
c187acef-70e3-5d12-94e8-7bf6d7a1428a,59,NY,64196.0,9629.4,1,C,Phone,15:30:00,1,3,1
5e561b70-4ba6-5695-96ca-ba245c357012,61,NY,66735.0,10010.25,1,A,Email,18:00:00,7,1,0
4dd56b9f-b5e3-5871-b58f-ff0f59567063,40,TX,55498.0,8324.699999999999,7,B,Online Chat,16:45:00,2,2,0
cc026c53-885e-5714-babb-686eaa56afd1,52,CA,61656.0,9248.4,3,C,Phone,10:45:00,4,1,0
811238be-5eab-5399-8acf-a7dd5116c820,59,NY,97695.0,14654.25,0,A,Phone,14:45:00,5,1,0
874872eb-b851-5750-8317-4a2d00ae4de3,51,NY,67900.0,10185.0,3,C,Online Chat,13:00:00,5,1,1
b699ff56-16ca-5525-b304-f10702c7c88d,47,IL,77701.0,11655.15,4,C,Phone,15:30:00,5,4,1
8ceb6472-a3da-51de-8742-60bd0cc17239,30,CA,49033.0,7354.95,0,C,Email,10:00:00,1,5,0
94d2da43-aab9-5b6e-b358-e1a376ae48e1,30,CA,40805.0,6120.75,0,C,Phone,05:45:00,5,3,0
88b96436-d22d-5926-9333-9f050149be3e,35,NY,65851.0,9877.65,3,A,Email,18:00:00,1,1,0
0fc05359-a669-527b-84c9-6a15148cfcd3,49,FL,56832.0,8524.8,2,A,Email,10:45:00,1,4,0
1c5230ba-c7ed-5b09-a459-6925fe8a3c98,49,CA,93437.0,14015.55,8,A,Phone,05:15:00,1,1,0
d420b9ac-c356-5265-b45b-0a97f6403b89,52,FL,43944.0,6591.599999999999,0,C,Online Chat,17:15:00,1,4,0
9412641a-3115-5974-8894-d04ec0172f37,56,TX,49873.0,7480.95,4,C,Email,12:15:00,2,1,1
b224abd5-2e2a-5bd9-95d5-e7c4d10f95ce,63,NY,70372.0,10555.8,0,C,Online Chat,07:15:00,2,1,0
dbe49fb0-5049-5da0-8c35-ba127457f6f3,46,FL,45379.0,6806.849999999999,0,A,Phone,16:00:00,5,2,0
b9a48147-8d91-5b40-ad1d-0000ef84ad44,46,IL,66751.0,10012.65,3,C,Email,18:00:00,1,1,0
bdd7f1bf-d660-5b2e-8ad1-442923345b2b,40,FL,35110.0,5266.5,5,B,Phone,07:00:00,1,2,0
a82f3ab2-4b91-59a2-9652-de8d1ed82478,33,TX,84341.0,12651.15,0,C,Online Chat,16:15:00,1,3,0
beae9c6e-a5c0-5dff-8a88-e1e3e1cd59a1,61,CA,42087.0,6313.05,1,B,Phone,10:45:00,1,1,0
3752e1a9-e3b5-5e40-af05-58732f07cd39,64,TX,53762.0,8064.299999999999,0,C,Phone,14:45:00,6,3,0
92ce34a6-1cbf-5f74-bec7-98c432237b7f,27,CA,39596.0,5939.4,0,A,Email,06:00:00,2,5,0
5118e536-9c0a-5500-8859-2d0f8cc3bd44,47,CA,48313.0,7246.95,2,C,Phone,16:30:00,1,1,1
bb2e5811-7eed-59e8-a2e0-31d965160080,42,CA,96549.0,14482.35,0,B,Phone,06:00:00,6,3,0
5f8ad880-062b-5bb0-9ec2-0c3bba0c1c01,56,TX,53705.0,8055.75,0,B,Online Chat,18:00:00,2,5,0
0461533e-161b-5f7a-85df-7e4a0a231384,37,FL,97364.0,14604.6,1,C,Email,11:45:00,1,3,0
3ff8494a-6433-502c-b8a5-ca04cc406358,22,TX,32023.0,4803.45,1,B,Online Chat,05:30:00,3,1,0
9c26d2b3-ddd1-5d3f-9f2b-35c648bee573,40,IL,89796.0,13469.4,0,B,Online Chat,18:00:00,2,5,0
895088d0-6a23-5d11-b4f9-c0ca17f7984c,47,CA,94429.0,14164.35,0,A,Phone,17:45:00,1,1,0
594de2c6-7042-5788-b157-37bed44e0c31,20,IL,15000.0,2250.0,1,C,Email,18:00:00,8,2,0
e0c122ab-709d-5725-84dc-78465a49598b,40,NY,,,3,C,Phone,07:30:00,1,5,1
20560a45-45f0-5ad9-9f9c-b35b80535a2a,31,NY,67804.0,10170.6,4,C,Online Chat,08:30:00,3,2,0
5dc96146-bbc8-5ad7-8088-4d6ed2e4ff73,47,FL,45379.0,6806.849999999999,1,B,Email,09:00:00,6,1,0
254eb525-8f14-57f4-bb69-6f79112782f3,21,CA,15000.0,2250.0,5,C,Online Chat,18:00:00,6,2,0
424bed60-d6cd-5d8a-9e93-2407fd74b28b,35,FL,57766.0,8664.9,5,C,Online Chat,18:00:00,1,2,0
df9c9477-7385-5cb7-882e-8c0dc50dfc17,54,FL,98099.0,14714.85,4,A,Email,07:30:00,6,2,0
0d0d5588-809f-5b79-9401-0a4e431c0d2d,42,NY,66060.0,9909.0,1,A,Email,04:15:00,7,2,0
b408ec87-aec4-58ee-9aa3-039978598b60,40,FL,15000.0,2250.0,0,A,Phone,18:00:00,3,3,0
ce018212-2f9b-58db-8b2a-cd884cdd28ed,63,FL,46087.0,6913.05,6,C,Phone,06:15:00,1,1,1
e4a2875b-fc0e-501d-a5a5-e655e75ff191,32,CA,78868.0,11830.199999999999,0,C,Online Chat,18:00:00,3,2,0
23bd95fb-8d72-5275-a166-106194ce50c9,26,CA,53225.0,7983.75,2,A,Email,17:15:00,1,2,0
5964c169-2991-5f6e-b22b-65acd1937b61,32,FL,36643.0,5496.45,5,A,Email,14:15:00,3,2,0
c7905218-8659-5163-bacd-212f29075d1c,41,NY,66727.0,10009.05,0,A,Phone,05:15:00,8,2,0
faaa0705-0a16-51e1-9027-78dd5e79b944,40,TX,41005.0,6150.75,0,C,Online Chat,12:30:00,2,5,0
cb6578f8-5918-5860-b489-50a88dcc16ca,29,FL,15000.0,2250.0,0,C,Online Chat,15:15:00,1,1,0
338c3273-174c-5601-a1a9-413969642d4a,54,CA,46029.0,6904.349999999999,1,C,Phone,15:30:00,5,5,1
dfe8519c-23e1-556a-a653-96b94d33331a,54,CA,44226.0,6633.9,5,B,Email,05:45:00,4,2,0
adcc463a-d6c9-5bac-817f-a2c822f8ab2a,60,TX,93646.0,14046.9,0,B,Phone,16:15:00,5,5,1
9ba4a472-d99f-53ad-a4f0-953f7e1205a8,23,NY,90603.0,13590.449999999999,3,A,Phone,18:00:00,7,3,0
9046771f-853d-5ae7-9793-fd9b984d7912,56,FL,58731.0,8809.65,1,C,Phone,06:15:00,2,2,0
57d26309-418e-5206-bf30-2ab6581fd2eb,63,NY,98926.0,14838.9,0,A,Phone,04:15:00,4,1,0
04a699f9-a79a-5f48-9581-7713fbdba6a3,41,CA,35997.0,5399.55,0,C,Email,12:00:00,2,2,0
81c3b8de-15c1-59ae-a927-a90a721f8958,28,NY,85506.0,12825.9,0,C,Phone,10:15:00,9,3,0
7f71692d-e89e-5320-b8a7-cdba1be1e5f3,30,CA,79815.0,11972.25,0,C,Email,15:30:00,2,1,0
1bfa0c2c-e2a8-50fd-9725-d4241f94e684,51,NY,72092.0,10813.8,0,B,Phone,08:00:00,3,4,0
5a2979e8-358c-579a-a6db-5c4694c8a60b,42,TX,92539.0,13880.85,3,B,Online Chat,08:45:00,2,3,1
33b3edc8-6705-52b0-ad15-ce2a90dafadb,24,IL,15000.0,2250.0,0,C,Email,09:15:00,3,1,0
fbe3588a-9497-5297-a21a-a21ce2801840,40,TX,51817.0,7772.549999999999,2,C,Online Chat,06:30:00,6,2,0
d8530f4b-703c-5301-8335-a8c1070b3bc8,25,TX,67861.0,10179.15,5,C,Phone,13:15:00,3,2,1
b312d3be-6446-52ba-9f2e-349889568682,37,IL,43428.0,6514.2,1,C,Phone,18:00:00,4,1,0
ca53a72f-1317-52cc-9776-51fdb6b83221,46,CA,73934.0,11090.1,0,A,Phone,12:00:00,6,2,0
49f0e335-92ca-5edc-a585-35b47bd18f33,62,FL,40258.0,6038.7,1,A,Email,16:30:00,7,2,0
030091c1-d7d9-5e86-b777-caf08d2da286,40,FL,87775.0,13166.25,2,A,Online Chat,15:30:00,1,1,1
23877f63-4ef2-571e-8c89-66782593261e,27,TX,35469.0,5320.349999999999,0,B,Email,11:00:00,3,4,0
61983e67-cd82-502b-bd2e-2602e73814a1,60,TX,58854.0,8828.1,0,B,Email,16:15:00,3,3,0
43abd42f-213b-5874-96e7-be11b75e09dd,51,CA,36256.0,5438.4,0,A,Phone,18:00:00,2,1,0
e1444b14-037b-5d91-9b74-86a789c21faf,43,CA,63937.0,9590.55,4,B,Online Chat,15:30:00,2,2,0
96e6e170-7d77-5b68-ab5b-d3a17a2cf7c7,58,FL,31651.0,4747.65,0,B,Phone,12:00:00,9,1,0
722321b2-f1c0-500e-9f6b-7a5827749537,20,FL,80288.0,12043.199999999999,0,C,Email,18:00:00,4,2,0
8e9f55bc-4831-5736-82fd-c50e4a239a88,23,CA,55051.0,8257.65,2,B,Phone,12:00:00,5,1,1
b9546748-8eab-5422-a49e-53ccdbc3a0e4,22,CA,57386.0,8607.9,2,C,Online Chat,15:30:00,3,4,1
715951da-9e26-574b-8707-ea6c1b9938a8,22,NY,46184.0,6927.599999999999,2,C,Phone,17:00:00,4,1,0
4fe690c9-72d3-505b-9a44-f501006735f2,40,NY,63787.0,9568.05,0,A,Online Chat,12:00:00,4,3,0
6bc20f91-1268-50d4-b6d0-6a046517d73b,40,CA,51621.0,7743.15,1,B,Online Chat,15:30:00,5,1,1
4387041d-6d04-5eca-a3de-a822c14d8065,26,NY,15000.0,2250.0,0,C,Phone,12:00:00,1,2,0
b103ab43-8408-5aab-b14f-1fb003ec1a00,52,IL,75253.0,11287.949999999999,8,C,Email,09:15:00,2,1,1
ce9f61c4-188f-5bf6-8ff7-4c1bedbe54f7,37,FL,64051.0,9607.65,1,B,Phone,09:00:00,9,2,0
b9caf941-37d2-5163-b5eb-7ad83a3fb46f,59,FL,79811.0,11971.65,2,C,Phone,14:00:00,2,5,1
0917a11d-d343-5c71-a0ee-4c506f4ec09c,52,CA,60447.0,9067.05,0,C,Email,05:30:00,5,1,0
e031016a-1078-5f37-90da-039296e025b8,35,TX,60254.0,9038.1,0,C,Phone,11:30:00,8,1,0
95952cf4-2788-517c-963a-1f8f4276ac50,34,CA,87418.0,13112.699999999999,2,A,Email,10:00:00,3,3,0
77542bfc-4fd7-5360-97b2-4de5134b4816,41,NY,44472.0,6670.8,8,A,Email,14:00:00,1,2,0
73beae72-34f3-5fdc-81e1-9f4a82a3cc1f,20,TX,33471.0,5020.65,0,C,Phone,08:15:00,4,5,0
02e4dfb5-79a4-50d9-85a6-76163684e9f5,49,NY,83000.0,12450.0,2,A,Phone,18:00:00,4,2,0
ef9df795-885f-51ed-8215-f181015cc8d6,52,IL,64865.0,9729.75,0,C,Phone,15:00:00,3,1,0
118510e9-f98b-5db3-be25-3bda735fb19e,55,NY,76850.0,11527.5,2,C,Email,16:45:00,1,1,1
7655e1d0-ba66-5f8a-9fc6-7f6b8c8b4d8e,30,NY,84220.0,12633.0,8,A,Online Chat,10:30:00,9,2,0
125849fc-f94b-51f4-b38d-881978988d57,40,CA,36397.0,5459.55,0,A,Email,15:45:00,1,4,0
587519c1-39e7-56bb-b5d3-b5468ad75e18,42,NY,65525.0,9828.75,6,B,Online Chat,15:30:00,3,4,1
2111eb52-cf88-5279-9024-212802948372,26,NY,15000.0,2250.0,2,B,Phone,17:30:00,2,5,0
212fd704-7303-5626-8fe3-73c64ad17243,21,IL,53284.0,7992.599999999999,0,B,Online Chat,04:15:00,8,2,0
11b05759-a268-5b2d-b002-032c5c6e9dc9,31,TX,91330.0,13699.5,1,C,Phone,13:15:00,7,1,0
b0f661b1-70be-5a45-bca4-c41d506aa9a7,54,IL,55122.0,8268.3,2,A,Phone,15:00:00,2,5,1
9e48ea28-d854-5254-a282-ad6bd1f0f9c0,51,FL,92812.0,13921.8,0,C,Online Chat,15:15:00,6,1,0
57f77daf-b8c7-5a44-9414-64ebb8034436,28,CA,37999.0,5699.849999999999,6,C,Phone,08:00:00,3,4,0
65fae77b-9cff-5a18-aee8-75296cfa1bcc,58,TX,52436.0,7865.4,2,A,Online Chat,15:45:00,4,1,0
c924ec4a-9e42-5c70-b242-4e307969d6cf,40,FL,72963.0,10944.449999999999,0,B,Phone,12:45:00,3,3,0
798cf23b-d763-5ffd-b17b-3657416aad92,45,CA,32096.0,4814.4,0,B,Email,12:00:00,1,2,0
ac7ced99-db82-5e1c-86b9-8821ae18b83c,46,CA,55279.0,8291.85,0,B,Email,06:30:00,1,5,0
48bced82-3545-5cb9-9162-3d28596fce38,26,TX,56201.0,8430.15,0,C,Phone,12:45:00,5,5,0
af1f9b1f-567a-5539-bfe5-cf2b88dda35d,20,IL,49715.0,7457.25,0,A,Phone,18:00:00,3,2,0
f6eacbef-a961-5243-841c-32355e7a7b56,42,NY,59309.0,8896.35,2,A,Online Chat,11:15:00,6,2,0
4521c1a6-d6d3-5611-b979-9814503e710d,51,TX,45078.0,6761.7,5,B,Email,17:15:00,2,2,0
52b75b93-cd63-5c0c-9863-cb64a6a8df4a,29,FL,86614.0,12992.1,2,C,Online Chat,10:15:00,1,2,1
16e6e801-7fc0-50ca-8dfe-0cba395f1bf3,59,FL,35105.0,5265.75,0,B,Phone,09:00:00,6,1,0
40e68c7a-7e93-5ac5-8dc6-d472264a8112,26,CA,32839.0,4925.849999999999,3,B,Phone,10:45:00,7,1,0
8b0a1144-9990-551f-9606-f0a00e628169,32,FL,98920.0,14838.0,4,A,Online Chat,11:15:00,5,1,1
034368be-4c79-517d-99ca-71821a95c8ec,57,TX,73619.0,11042.85,0,A,Phone,10:30:00,4,1,0
a94b7594-712f-5cef-a9c1-3efcf4fbe0fe,42,FL,72821.0,10923.15,2,C,Email,11:30:00,1,4,1
0a851a19-7db0-58c6-b333-f71335ed40f2,22,TX,43493.0,6523.95,0,C,Online Chat,18:00:00,5,5,0
286fda43-cff9-54a5-b1e9-221703227053,28,NY,47069.0,7060.349999999999,6,C,Email,07:30:00,6,1,0
e0bd68d6-c75d-55b9-9edd-b3ff848e706b,51,CA,83000.0,12450.0,3,B,Email,09:45:00,1,2,0
c76e3a00-4beb-51ee-8938-634fba3c170c,41,FL,67051.0,10057.65,0,B,Email,08:45:00,4,1,0
1b3818eb-f8a2-5707-bd03-e47b392fa51f,32,TX,37736.0,5660.4,0,B,Online Chat,12:00:00,1,2,0
58315579-0b63-5c23-a329-7c4ce162228c,55,IL,37710.0,5656.5,0,A,Phone,07:15:00,8,1,0
5c3bb08a-2499-5df5-8286-0236da5a167e,25,CA,15000.0,2250.0,0,B,Email,07:45:00,4,1,0
2f3dcee3-c0c0-51a5-b9b2-a86dc45ca10d,22,NY,43975.0,6596.25,5,B,Email,06:15:00,3,2,0
d3393269-f527-5cd2-b919-120d13a28cf4,43,TX,92424.0,13863.6,0,A,Email,07:15:00,2,1,0
60491a81-31e9-54c2-a8dc-09b0174721f8,35,NY,75603.0,11340.449999999999,10,A,Phone,14:15:00,2,2,1
7fa43eaa-5c76-56ad-9344-04d5686ebcc8,23,NY,53252.0,7987.799999999999,3,B,Phone,13:30:00,4,1,0
7c17ea51-d841-5edf-894f-3858291fb56b,54,FL,31431.0,4714.65,1,A,Online Chat,18:00:00,6,1,0
55eaf368-dfc4-5cf2-bebe-e05339a770ce,30,FL,67481.0,10122.15,4,A,Phone,12:00:00,7,1,0
4c54934e-e5a1-5e9e-8367-e84ea113a354,45,TX,39557.0,5933.55,-5,B,Online Chat,09:15:00,5,1,0
2530ec1b-a50f-5928-91ee-5b4e8a399fcd,22,CA,30162.0,4524.3,5,B,Online Chat,08:30:00,9,1,0
a61eacba-6e1a-59cb-ac0b-d0e0a9c11b61,30,TX,64742.0,9711.3,0,B,Online Chat,06:00:00,5,1,0
2f97d4ac-bfa0-55d8-ac12-56649cf7971b,34,IL,49675.0,7451.25,7,B,Online Chat,06:15:00,5,4,0
c07072ac-e15e-5690-8e8c-50ac47165ee9,57,NY,47015.0,7052.25,2,A,Online Chat,15:00:00,3,5,1
7c18ebc1-1482-59fa-899b-5e1cb4b7d039,40,CA,80057.0,12008.55,1,A,Email,13:30:00,1,3,0
3abc04d7-d666-59a3-b772-3e0c196cf0b3,49,TX,62591.0,9388.65,7,B,Phone,15:30:00,2,1,1
7e58f00e-471a-5138-acb9-151a07e1eb0e,46,TX,39833.0,5974.95,3,A,Email,14:45:00,1,1,0
2b8fff49-ca1f-544f-b692-b7fd1b9ae413,20,IL,37896.0,5684.4,0,B,Online Chat,10:45:00,1,2,0
7fa5c0c8-2ea0-5303-a916-1a530df623e7,57,NY,62972.0,9445.8,0,B,Online Chat,17:30:00,7,2,0
74610ad8-18ca-5862-aff1-fd7464654b8b,51,NY,79733.0,11959.949999999999,1,A,Email,09:30:00,5,3,0
34f13242-9c40-58c1-a779-67d2fe8e9004,57,CA,71800.0,10770.0,0,A,Email,15:30:00,3,4,0
714ef760-faec-58dd-9437-07a73c3b7952,44,NY,83000.0,12450.0,6,B,Online Chat,17:00:00,1,2,0
ad5a6848-5e75-5810-a056-b06f37dab14b,30,FL,89063.0,13359.449999999999,0,B,Email,18:00:00,1,3,0
ac298bf4-fec5-5df9-8c2b-342fcb0ee94c,40,CA,32643.0,4896.45,0,A,Online Chat,12:00:00,2,5,0
66af46da-badb-51ed-83d2-246a7e372588,50,TX,70785.0,10617.75,0,C,Email,07:15:00,8,3,0
166ae238-4325-5ef8-a32e-a58a036fcf3b,23,CA,48681.0,7302.15,2,A,Email,10:30:00,2,1,0
369abe0c-e686-5c85-9c82-3edbf751c21d,41,TX,80026.0,12003.9,4,C,Email,04:45:00,3,1,0
ea70db18-304d-514a-8f3f-7a3c7c59f60c,36,FL,45892.0,6883.8,0,C,Online Chat,06:00:00,2,2,0
bf1ada12-a57a-5f3e-8250-7c5771887687,33,NY,77299.0,11594.85,2,C,Online Chat,12:15:00,1,2,1
81e3faf4-982b-5c0c-be2e-daccb0c3e819,57,FL,47073.0,7060.95,6,A,Email,14:15:00,5,5,0
c219245b-9a03-5659-bbd1-1f336d3d1ddd,45,FL,60682.0,9102.3,10,C,Online Chat,13:15:00,5,3,1
d4db1dfb-bbe5-5a36-9b26-6540a6940512,50,CA,44289.0,6643.349999999999,0,C,Online Chat,09:30:00,5,2,0
6f682859-a3ba-5245-966f-d4a5624dfab8,58,IL,37927.0,5689.05,3,A,Phone,07:15:00,4,5,0
15d17bc8-c1cd-5f77-8fc6-580079f981eb,30,NY,78330.0,11749.5,0,C,Email,06:45:00,5,1,0
a2cea020-d700-527a-a81b-8d005b35b110,60,FL,96707.0,14506.05,0,A,Online Chat,08:15:00,4,3,0
d855d63b-49a4-5bf2-b9aa-6cf553840534,62,IL,95428.0,14314.199999999999,4,A,Online Chat,14:45:00,6,2,0
0d2a0541-852c-543a-8499-309ce9675063,42,FL,80601.0,12090.15,1,B,Email,14:45:00,4,1,1
6d1e8f39-92fe-52f7-9358-9e22eec87633,59,FL,32539.0,4880.849999999999,3,A,Phone,04:45:00,2,2,0
a1298a19-0249-5d08-a7d5-b55e35beb62e,53,NY,52669.0,7900.349999999999,0,C,Email,15:00:00,9,2,0
67eb3878-7d29-569f-9967-c8c4c0790c4f,44,TX,50644.0,7596.599999999999,3,C,Phone,09:30:00,2,1,1
b1bb123c-4b2a-53d2-8768-6f9182ef415c,55,CA,48745.0,7311.75,3,A,Email,12:00:00,9,2,0
294d78a9-7627-5a5a-85b1-d62c7b5e96a4,24,NY,58228.0,8734.199999999999,1,C,Email,05:00:00,3,2,0
241cc4bf-277d-5692-95db-a4079e389819,22,FL,64521.0,9678.15,0,C,Email,18:00:00,1,2,0
8ea7829c-7f0a-51b1-ad95-c916ef2bc637,60,NY,56928.0,8539.199999999999,0,A,Email,05:45:00,2,1,0
2ae23b48-8740-5862-a053-6cd38c6bbf7b,40,TX,48322.0,7248.3,0,A,Phone,17:45:00,3,3,0
69dd2d34-a0a4-5c46-a6c5-6ef58f961136,48,IL,87714.0,13157.1,0,B,Phone,10:30:00,1,1,0
309f5bcf-0e5a-5e40-b630-82405220f669,40,TX,92292.0,13843.8,1,B,Online Chat,15:30:00,1,4,1
7ea50cd4-1e3b-507f-a2de-a7ad67cdf028,59,CA,59055.0,8858.25,1,A,Email,15:00:00,3,2,0
ca6c4456-e23c-5f8f-9786-033eec78c949,27,NY,72891.0,10933.65,7,C,Phone,08:30:00,5,2,1
65bbe612-e6da-55d7-87fb-88e8433b839e,49,TX,36588.0,5488.2,0,C,Phone,18:00:00,3,3,0
15876106-11fd-5d66-8779-f0ed4a7f6473,60,FL,83000.0,12450.0,0,A,Phone,12:00:00,9,2,0
0db9ad27-2e17-57bb-9f5f-0827bf098e24,47,IL,37345.0,5601.75,0,A,Email,13:00:00,1,2,0
a09b4bfc-bbac-5ed1-aad0-777485938955,56,CA,59300.0,8895.0,1,B,Online Chat,06:30:00,3,2,0
b1c9d9d3-0e0f-562f-990e-4b916fb312c5,48,NY,54259.0,8138.849999999999,0,B,Phone,05:30:00,3,2,0
cb6c74cd-3da9-5d6c-a99d-9ff6ca8e1b74,35,FL,45352.0,6802.8,0,A,Email,11:00:00,5,2,0
832434c9-9ecb-57d9-818a-f060f2f82c95,53,CA,63365.0,9504.75,2,C,Phone,10:15:00,2,4,1
4334084b-4ed6-5fbe-a7d7-a8e490a6fe24,19,TX,49446.0,7416.9,0,B,Phone,12:30:00,6,1,0
e7b0ee4d-7e9f-5477-a4bd-12e3197f1727,31,NY,32336.0,4850.4,2,C,Online Chat,18:00:00,4,2,0
96557776-aed5-52ac-8d67-e68d80b7b1c9,30,TX,92032.0,13804.8,5,B,Phone,08:30:00,9,2,1
398bbaa2-4837-5443-9ef0-0f73cc09a626,46,CA,37521.0,5628.15,8,B,Phone,15:00:00,6,2,0
2681583f-4f0a-54a5-a3b3-d9fc30021b49,29,CA,53481.0,8022.15,0,C,Email,14:30:00,3,5,0
26a546bf-8c99-5544-99a3-d6edfb9521b5,56,IL,48474.0,7271.099999999999,0,B,Email,06:45:00,5,4,0
66cd5190-fa59-514a-aad9-15c5afd7949a,40,CA,76760.0,11514.0,4,B,Online Chat,15:30:00,4,2,1
a7e21e57-cf20-55bf-9aac-893ffde34587,49,TX,85718.0,12857.699999999999,2,C,Email,04:15:00,5,5,0
a31279bb-615e-58cb-8113-0ae128354048,30,FL,74629.0,11194.35,4,B,Email,12:00:00,1,2,1
8527d569-973e-5037-8b2b-613c4c1fad67,35,FL,75232.0,11284.8,0,B,Online Chat,18:00:00,8,3,0
33cc1b3c-eb36-5793-868f-3c9075069c43,44,NY,97169.0,14575.35,4,B,Phone,15:30:00,5,3,1
cee3814f-07fc-5a84-8857-4d1ba9d352e7,58,FL,80669.0,12100.35,2,A,Online Chat,14:45:00,1,3,1
6bc50295-a853-5d28-bd81-8e2f72768ad5,34,TX,99184.0,14877.599999999999,1,A,Email,13:45:00,8,2,1
0787dde7-b244-53bd-8410-b9449dcbdfdb,57,CA,77945.0,11691.75,1,A,Online Chat,07:00:00,1,3,0
324d1eac-7475-5b65-9b03-a5970f1cc061,48,TX,43140.0,6471.0,0,A,Phone,15:00:00,2,4,0
1877ae44-8c0c-53b6-bcfd-928499a6ed76,51,NY,44357.0,6653.55,0,B,Online Chat,06:30:00,4,4,0
a185f182-0397-562b-ae96-7b7e4abdeb6b,41,CA,98673.0,14800.949999999999,3,A,Email,06:00:00,2,5,0
90926d6a-b0ca-51ae-b0cf-2689c0694a6e,62,NY,95633.0,14344.949999999999,6,A,Email,10:45:00,4,2,0
9744130e-7bb0-5f34-9a7c-e1e5bba978e1,52,IL,42924.0,6438.599999999999,0,C,Online Chat,10:15:00,1,1,0
4b16312a-17cf-5f34-99c2-6bb7faa31fea,23,FL,99286.0,14892.9,0,B,Phone,12:00:00,2,2,0
0d02d94f-708d-5528-a171-2a7a3cccb4d6,36,CA,87326.0,13098.9,7,A,Online Chat,06:30:00,8,2,0
3b616f1b-7ebb-541f-a148-50abfce1eb22,47,FL,60651.0,9097.65,0,B,Phone,12:00:00,1,2,0
3548291c-25b3-50c5-819b-03a30778cfa2,24,IL,78777.0,11816.55,2,B,Phone,11:45:00,8,2,0
988b1122-ba30-5560-ba50-4c3630303f5a,27,TX,46994.0,7049.099999999999,0,C,Online Chat,09:30:00,2,1,0
d56e7f6e-048f-5db2-a85b-30cec690b99f,58,NY,97263.0,14589.449999999999,0,A,Phone,14:45:00,1,3,0
d172ab99-2e36-5f4f-a411-38b1e7faf0ce,49,FL,89634.0,13445.1,2,A,Email,12:45:00,2,2,0
55815902-0ced-5f7a-a874-79a94cf67fab,51,CA,40800.0,6120.0,5,A,Online Chat,10:30:00,2,4,0
f3400459-f12a-55d4-9f15-61c18289e690,45,NY,67823.0,10173.449999999999,6,A,Phone,15:15:00,4,5,1
0f92360f-b549-5fd8-a7ac-c909515b46ef,32,CA,93878.0,14081.699999999999,3,B,Email,12:00:00,1,5,0
1c3270ea-3041-504a-94c1-dd832fd28b86,47,NY,48708.0,7306.2,0,B,Online Chat,18:00:00,5,4,0
3aed411b-9b77-55d0-bd5d-5916d41c09d3,54,NY,42819.0,6422.849999999999,1,C,Email,17:15:00,6,2,0
075658ed-18e6-5fd3-9ae9-f4b45a06aa4f,46,IL,93870.0,14080.5,0,B,Email,17:15:00,9,1,0
6c055a35-348b-56f2-a0d2-490d382391f3,39,FL,39283.0,5892.45,1,B,Email,13:30:00,1,3,0
3dd60b74-faa4-59f7-9b3c-d681a824199e,35,FL,60573.0,9085.949999999999,2,C,Phone,11:00:00,2,5,1
f2c29b17-7b97-5386-906b-c28059474b18,37,NY,60933.0,9139.949999999999,5,C,Online Chat,09:30:00,1,3,1
13c20c6a-114d-527a-a6dc-b1ad96b137df,49,TX,83000.0,12450.0,5,C,Online Chat,10:00:00,2,1,1
27b23f36-43cb-5b24-a4b3-ec516e45e8f7,53,TX,40983.0,6147.45,6,B,Phone,12:00:00,7,2,0
eb3c52c2-c2c7-5fe1-baee-607bed60f610,35,CA,48133.0,7219.95,0,B,Online Chat,15:15:00,4,3,0
6c91a922-a068-5c8a-a7e3-72305d92ea0a,44,CA,44939.0,6740.849999999999,0,C,Email,14:00:00,5,1,0
bb1ae3f0-6dd9-55cd-b450-592dac52fcf4,34,CA,30781.0,4617.15,2,C,Online Chat,08:00:00,7,3,0
0de8695c-dcd4-56e1-8d81-c3a73463e4fb,29,NY,86700.0,13005.0,2,C,Phone,08:15:00,3,2,1
4bd6a208-6ce3-516e-a7d9-61962e59a555,39,CA,57624.0,8643.6,6,B,Email,12:00:00,2,1,0
44916729-d208-5aa2-bc80-d7bb35e44b5b,34,CA,36823.0,5523.45,0,B,Phone,08:15:00,7,3,0
3fd2319f-4ac5-5144-9744-3ccdce63a9c2,27,NY,48489.0,7273.349999999999,1,A,Email,18:00:00,5,2,0
f1480ee7-a0dd-5a15-afd7-84e142537a93,18,IL,69961.0,10494.15,0,C,Email,17:00:00,1,2,0
4ffd603e-3a3d-53ea-9c87-00cb35321b63,39,CA,59118.0,8867.699999999999,0,B,Online Chat,06:45:00,1,1,0
5e9648ea-09d8-5153-ab89-31b5a96685d9,43,IL,52263.0,7839.45,7,B,Email,08:00:00,1,2,0
362a1e88-29f0-53c0-9edd-ae8a3ddecb36,35,FL,43565.0,6534.75,1,C,Phone,05:45:00,5,5,1
9bfa471f-2523-5866-a709-9bd5fc31e431,31,CA,50354.0,7553.099999999999,0,B,Online Chat,12:00:00,1,1,0
2ee4ae2a-fe24-5bd6-9035-0cdd75beec18,35,TX,72951.0,10942.65,4,C,Phone,14:00:00,1,2,1
ae26e062-1b0c-5642-8e05-d93fcff9ba0a,46,TX,53648.0,8047.2,0,A,Email,12:30:00,9,2,0
d93e9901-a184-5c20-911e-7b0db3063f33,29,IL,15000.0,2250.0,4,A,Phone,14:00:00,1,1,0
a9f6a350-247c-5881-a720-0ce38b4dc3a8,53,TX,71971.0,10795.65,5,C,Phone,14:00:00,4,4,1
fd626191-56b1-58c0-bc1f-4d636cd398e2,52,FL,48658.0,7298.7,1,C,Email,14:00:00,3,5,1
cff96fb5-891f-5404-ac6d-80661e68d685,29,NY,51253.0,7687.95,3,C,Online Chat,14:00:00,5,3,1
870cd8fd-eef1-56db-96b5-c89ce824d265,24,TX,15000.0,2250.0,0,B,Phone,06:45:00,1,1,0
3f0934b3-e6e7-5c66-9bbb-44bd1c5345d6,46,TX,78563.0,11784.449999999999,9,A,Email,18:00:00,8,2,0
761e9fe7-330a-5116-b563-a821a974e330,28,IL,56390.0,8458.5,0,C,Online Chat,12:00:00,2,5,0
617ea7b4-ef3b-53c8-a5a3-1778389d27c7,50,FL,81578.0,12236.699999999999,1,B,Online Chat,18:00:00,7,2,0
bd9e4e8c-65e3-5b67-8cab-74bceb624c2e,23,NY,62658.0,9398.699999999999,1,A,Online Chat,14:00:00,1,3,1
05394a34-ee3b-5ce8-ae28-48527bc71358,64,CA,36852.0,5527.8,0,B,Phone,12:00:00,7,1,0
6e8ab837-e56c-59c5-b14b-ea4b89f105bb,32,IL,32551.0,4882.65,4,A,Phone,18:00:00,1,2,0
5f713e2e-368c-556d-b765-e32677994fd8,49,FL,91001.0,13650.15,0,B,Phone,12:30:00,2,2,0
440b627c-d719-5b0c-9810-a3d772dc7e79,28,NY,79159.0,11873.85,0,A,Online Chat,09:30:00,2,1,0
98990f44-fef3-52fd-8621-24645fa96e88,40,FL,81707.0,12256.05,2,C,Phone,05:15:00,1,5,1
c2386d05-bd17-5c3b-b428-69f8d4cf82fe,43,NY,63243.0,9486.449999999999,2,B,Email,12:30:00,6,1,0
b51dc814-3da5-5437-815b-7b00484e9314,51,FL,51800.0,7770.0,0,C,Phone,12:30:00,1,1,0
504e80c5-8b30-5aff-9776-66952d71262d,35,IL,87828.0,13174.199999999999,0,A,Phone,08:30:00,3,1,0
7d35f0d5-ab11-52c6-ad8c-0c4399db2aab,51,IL,37239.0,5585.849999999999,0,C,Online Chat,07:00:00,1,2,0
ca3d8b49-c6d2-5372-80ce-b50307c46b9f,46,CA,36710.0,5506.5,0,B,Phone,12:30:00,3,4,0
a6b8ea23-f493-588d-a127-645e84a2e481,21,TX,51384.0,7707.599999999999,1,C,Email,11:00:00,8,3,0
1249fe8b-d356-51d1-80f8-d5fdb904781f,34,FL,51038.0,7655.7,0,C,Online Chat,12:30:00,5,2,0
d66d466b-9304-52f9-a648-fbef3408cdad,52,CA,70846.0,10626.9,0,C,Email,10:15:00,2,3,0
1087ebbe-2a0e-5bcc-b9fa-c80281e18350,30,TX,97821.0,14673.15,4,C,Online Chat,10:15:00,4,4,1
d816b2b3-07bd-595a-9134-afdfb156cb1a,58,FL,67991.0,10198.65,3,C,Phone,07:45:00,2,1,0
e885ab88-42f5-56dc-84cb-6a55d058a158,56,NY,36971.0,5545.65,0,A,Phone,05:45:00,4,1,0
7570bd64-a609-5e31-8ff5-59d5d21e5277,32,TX,59139.0,8870.85,9,A,Email,12:30:00,8,3,0
83a6bd14-76f6-5755-8815-8313d045545f,46,NY,67711.0,10156.65,3,A,Online Chat,14:00:00,5,2,1
d826de79-8caa-511f-91b9-b0a7273d79ce,46,CA,36530.0,5479.5,2,B,Phone,10:30:00,1,3,1
8ef112d6-f7eb-5065-9412-2b2db8ea0223,28,TX,41116.0,6167.4,0,C,Online Chat,12:30:00,1,1,0
9558d0ac-b4b6-5ed9-b615-890ca70a74a8,49,TX,95794.0,14369.1,4,A,Online Chat,11:00:00,3,1,1
83dd7013-41d7-5671-afae-534c51d67e20,35,IL,30282.0,4542.3,5,B,Online Chat,12:45:00,8,3,0
372e1dfe-6691-5e33-97f4-105ac5ddad2c,64,FL,31898.0,4784.7,0,A,Online Chat,12:30:00,3,5,0
8a0281a0-be31-52fb-9690-87ba3feff923,31,NY,34135.0,5120.25,0,A,Online Chat,06:30:00,1,2,0
bf0ed0f3-fcb0-54e1-9f53-824dfa1ee015,37,IL,36629.0,5494.349999999999,7,C,Online Chat,14:45:00,5,4,1
69d2bd59-1568-59e6-b850-a5b926c8c384,39,NY,95031.0,14254.65,1,B,Phone,12:00:00,2,2,1
37393327-bd0c-531d-bc28-e190d8fcbbe0,28,FL,63380.0,9507.0,0,C,Online Chat,09:45:00,4,1,0
3db4fd30-7aa1-5acf-b483-a8e3eae32190,44,TX,47071.0,7060.65,0,C,Email,12:30:00,1,2,0
671b9417-6b61-5393-b472-fa3e544d389d,35,NY,50074.0,7511.099999999999,0,A,Phone,13:30:00,2,2,0
cbf6766a-2fe0-5a10-9773-a2e6ac19bfd3,34,CA,97843.0,14676.449999999999,0,C,Email,12:30:00,1,2,0
9a665baf-907b-5f11-85f0-9e9b02f2deed,61,CA,69901.0,10485.15,1,B,Online Chat,08:30:00,8,2,0
c2b86ddd-5571-5983-a109-c857db27f3f0,45,IL,41205.0,6180.75,3,C,Email,16:30:00,4,1,0
07f3793a-b931-5020-bb1e-fc2ab7fe0c99,46,FL,85661.0,12849.15,2,C,Online Chat,06:30:00,4,1,1
2bd27ad1-6b69-54c9-add4-e82e09ffd6f4,38,IL,35906.0,5385.9,0,C,Online Chat,07:15:00,2,3,0
5973aff5-daa6-5f6e-ab17-c654371a1138,30,IL,32591.0,4888.65,0,A,Online Chat,12:30:00,2,1,0
ffdb1fa8-16eb-560f-a50d-7931ff0b1805,33,IL,92987.0,13948.05,0,B,Phone,08:00:00,5,3,0
df947f59-4b7a-5f0e-8030-4314583aa737,54,CA,93370.0,14005.5,2,A,Online Chat,11:15:00,1,3,0
a300ffc9-c89c-5879-89bb-8aae0ffc315b,37,CA,84400.0,12660.0,2,A,Phone,14:00:00,3,4,1
1e1da518-553a-5a6b-ac8c-4d8c1040a1af,23,IL,55150.0,8272.5,0,C,Email,12:30:00,4,1,0
6f917f7d-a971-5f94-bbe6-793c9e08c3fe,36,CA,61852.0,9277.8,2,A,Phone,12:00:00,1,1,1
63515613-8b54-5713-86c6-5a417b5a8e04,22,FL,15000.0,2250.0,0,A,Phone,12:30:00,7,1,0
fad68878-c598-5a40-a9fe-e095abc1b3fa,30,IL,82756.0,12413.4,3,B,Email,16:30:00,1,3,0
819b30a2-2deb-527a-880e-c3dbc2b13c05,30,CA,86481.0,12972.15,1,C,Phone,14:00:00,1,1,1
2e70e90c-7c18-574f-a99b-7aabd5cbcab1,55,NY,83000.0,12450.0,7,A,Online Chat,15:00:00,1,5,1
3c981e30-f24b-52cf-86e5-92b926c6fad4,32,IL,63691.0,9553.65,0,A,Email,05:15:00,5,4,0
5dfe1033-98f0-59d7-b377-f1e2bad8de27,51,IL,31125.0,4668.75,0,B,Online Chat,13:15:00,6,1,0
37885a96-b73f-5d7e-9076-128b2de51037,52,FL,97065.0,14559.75,0,B,Email,12:30:00,2,3,0
bfeaf6b0-1307-5433-8af0-c1d2c6f3f483,42,TX,56170.0,8425.5,0,C,Online Chat,08:30:00,2,1,0
0ef104af-f9ac-53b0-ab21-79856b4dadc3,41,TX,38438.0,5765.7,1,B,Online Chat,07:00:00,1,3,0
c9894df6-29e0-5555-be7e-4b6e01a65723,29,FL,50095.0,7514.25,1,C,Phone,12:30:00,7,1,0
cccd105b-92a5-5b70-b494-5227fd9b7788,35,FL,46154.0,6923.099999999999,0,A,Online Chat,07:30:00,1,3,0
d9492109-c0e9-55f7-8e58-0f2253bddc16,32,FL,38004.0,5700.599999999999,1,A,Phone,15:00:00,1,4,1
c720066c-053c-597c-8173-12acc9d0b6d8,61,TX,39752.0,5962.8,0,A,Email,12:45:00,2,1,0
fe96971f-a83b-5c5f-9cda-a7097731725d,33,FL,85426.0,12813.9,4,B,Online Chat,08:00:00,4,3,1
4257ef91-cb42-5a5c-8a91-c09d1ffc82b6,44,CA,56819.0,8522.85,2,C,Online Chat,12:30:00,8,1,0
c7cd1aeb-e0cc-53e9-8356-d2b9a601dc03,25,IL,54217.0,8132.549999999999,0,B,Email,11:45:00,1,1,0
67a326e4-83e5-5c62-aa7c-4d666dad74a0,63,IL,62994.0,9449.1,0,A,Email,08:15:00,2,3,0
8d387aca-defb-591d-a079-524304fd6ec7,42,NY,45036.0,6755.4,5,B,Online Chat,10:30:00,4,5,1
114cfee4-9430-58a3-9dcc-941a451bcc7f,34,NY,79416.0,11912.4,4,C,Email,06:45:00,2,4,0
e4ac43d6-8da3-5c6b-b7ba-6b1a9299eb10,46,NY,83000.0,12450.0,6,C,Phone,17:00:00,2,4,1
8ef71abd-c071-54bf-bc00-18d3bcd21a16,25,CA,30645.0,4596.75,0,C,Email,12:30:00,5,4,0
4d66684f-d02f-590a-ba10-3752c0ef545d,32,TX,60930.0,9139.5,0,B,Email,10:00:00,9,1,0
69e4c167-f9c8-5080-b012-87fd21b90ed5,44,TX,60090.0,9013.5,2,B,Online Chat,17:00:00,3,3,1
0f27e86f-2e11-504b-bb75-1d56179fc3dc,30,CA,82142.0,12321.3,8,B,Phone,15:00:00,2,1,0
665b8e59-0b20-58a8-a49b-213fc430866b,24,TX,56475.0,8471.25,0,C,Email,16:00:00,4,5,0
51f90843-d8a7-5789-b02d-7e3740214ce6,30,FL,48888.0,7333.2,0,B,Phone,09:00:00,6,1,0
ea09df15-7471-5865-b663-c3b31e6638ab,46,IL,73732.0,11059.8,2,C,Phone,12:30:00,6,1,0
5e67f79f-5db3-5085-af7e-fde312b21c02,30,IL,76305.0,11445.75,4,B,Phone,12:45:00,3,4,1
57ea2968-d6d0-536a-a150-553788ddae21,41,CA,76037.0,11405.55,0,A,Online Chat,09:00:00,5,1,0
3fe16c6e-423b-5b79-b026-e9ef4447c20e,30,TX,39346.0,5901.9,0,B,Email,13:30:00,3,5,0
5d645b94-04f0-579c-a8e1-18b2ee941687,37,NY,30587.0,4588.05,0,B,Online Chat,06:00:00,1,2,0
75a7c269-8002-5229-b778-1425cb836062,30,NY,42763.0,6414.45,0,C,Email,06:00:00,7,2,0
41165d26-7136-5bd0-9bff-b7a489e9620e,32,TX,89165.0,13374.75,1,B,Email,07:45:00,4,5,0
37f18622-edb3-5b09-b94f-49a513c5f510,42,NY,99615.0,14942.25,2,C,Online Chat,13:30:00,7,1,0
4697bb22-8abb-542d-80df-e2c06417d9dd,47,CA,66116.0,9917.4,0,C,Phone,07:15:00,3,2,0
5766b01d-3438-5d14-85d4-5b131816f37d,31,CA,55556.0,8333.4,0,A,Phone,07:15:00,5,3,0
5275d91b-9819-5d96-aba3-c1ed5dfedc15,24,TX,15000.0,2250.0,0,C,Email,06:00:00,5,3,0
a3eef3b3-1d35-5552-9796-f24dfb93f410,34,NY,48099.0,7214.849999999999,0,C,Online Chat,16:45:00,2,1,0
f1e71536-44a4-5084-9101-94ecd3beb384,30,CA,75096.0,11264.4,5,A,Phone,15:00:00,2,5,1
58744027-984c-59ae-a106-248517a30de3,37,CA,43230.0,6484.5,2,C,Phone,10:45:00,4,5,1
a3ab8577-a785-5a86-8440-d1b2869802ce,53,FL,59009.0,8851.35,0,A,Email,11:15:00,4,2,0
a4071210-118e-553b-baa5-9db7b33a85df,26,FL,63866.0,9579.9,0,B,Email,06:00:00,4,4,0
726b1f40-a0b1-5399-a63a-a866a94863b2,55,CA,71855.0,10778.25,4,A,Online Chat,08:45:00,6,2,0
7df19077-14fb-588f-a64b-074a828a2909,39,TX,36416.0,5462.4,0,C,Email,10:45:00,2,2,0
77d19c0f-c3e3-53dd-a4ad-2670473253dd,30,IL,85915.0,12887.25,4,A,Phone,06:00:00,1,2,0
9ade9f06-38fa-5f06-8f3b-7bc06c790ca2,41,IL,48058.0,7208.7,0,C,Phone,06:00:00,7,2,0
f2d1b062-f2fc-53cc-b8db-5c795b440395,25,CA,70718.0,10607.699999999999,0,B,Phone,09:45:00,3,2,0
caa2a2b6-0765-51e1-99c7-6cb7eea160a9,28,CA,62602.0,9390.3,4,C,Phone,15:00:00,2,1,0
6681b63c-9f92-5caa-8219-60e9418787ad,30,CA,88067.0,13210.05,4,B,Online Chat,10:30:00,2,1,1
fe859eb9-740d-53af-bdd5-ff22fd9d25ca,34,TX,57516.0,8627.4,7,C,Online Chat,13:15:00,4,2,0
ddca7871-359b-52d0-bf8d-c222f71167c9,25,FL,31089.0,4663.349999999999,0,C,Email,06:00:00,5,4,0
ec6dbf91-7e1a-5dd6-84af-e8abf240441a,38,CA,67346.0,10101.9,0,B,Email,09:45:00,2,1,0
272757f6-4080-5b77-9351-78565d31d576,35,CA,40487.0,6073.05,3,A,Email,17:45:00,7,1,0
3dc51c1e-9aae-5917-b298-f55c3763c265,47,NY,30155.0,4523.25,0,A,Online Chat,06:00:00,2,5,0
0e797593-f476-500d-bf22-a814861031f1,35,TX,97494.0,14624.1,0,C,Phone,09:15:00,6,3,0
0afc2e8d-fb81-53f0-a70d-2eb29f0e70c4,30,FL,68547.0,10282.05,0,B,Email,08:30:00,3,2,0
8edd01d3-c181-5c78-a962-ac4afdf71431,30,NY,94500.0,14175.0,1,B,Phone,13:30:00,9,1,0
aeb1e64c-0b96-5fa9-ba50-6fdfb8acab6b,48,IL,85296.0,12794.4,2,A,Email,06:00:00,3,3,0
0864e0e2-6abb-5731-929b-e2582e634b89,55,CA,51447.0,7717.049999999999,2,A,Email,09:00:00,3,4,1
c08b7e27-e447-5166-b8cb-7f7d925e9489,49,CA,66598.0,9989.699999999999,0,A,Email,12:00:00,5,3,0
5ee250a0-27e4-5935-b044-eddfacccfecf,28,NY,15000.0,2250.0,6,B,Email,13:00:00,2,2,0
49728f27-ec0a-5d10-af81-7f41a4ab06d6,62,TX,93278.0,13991.699999999999,1,A,Phone,13:45:00,8,2,0
53b7a0a0-be14-5579-9b3f-b308f088bc02,42,CA,85077.0,12761.55,0,A,Phone,05:15:00,5,2,0
5ad8d7ae-9605-5ffe-9dd6-c7d52991975e,50,IL,39528.0,5929.2,0,C,Email,11:00:00,2,3,0
3ed332a4-b3f4-5fd2-bff4-8c6ed96aa45e,55,FL,80100.0,12015.0,6,C,Phone,15:45:00,5,5,1
5f73e246-e1fa-5c0e-87fe-816cf2bfb9c3,58,IL,38179.0,5726.849999999999,0,A,Online Chat,14:15:00,3,1,0
c9e7124e-a74e-5f31-bb6e-8dd3f01801cf,25,FL,78781.0,11817.15,-7,B,Email,16:15:00,6,3,0
9c25b50b-b0a5-503b-b151-d39f654bc8c3,28,FL,85267.0,12790.05,2,B,Phone,14:00:00,5,1,1
14113e65-db68-5eb4-88a3-9d837b7af614,39,IL,53952.0,8092.799999999999,0,C,Online Chat,05:15:00,4,3,0
a55cb2d4-9e46-534f-bbcf-4b7942a2671c,41,TX,83798.0,12569.699999999999,3,A,Online Chat,06:45:00,2,1,1
aba7b818-7300-588f-b1a2-766f7a59224f,58,CA,80939.0,12140.85,0,A,Online Chat,12:45:00,2,3,0
8682c9d6-c5bd-5593-b8d8-6af5aa465b01,34,CA,59516.0,8927.4,3,B,Phone,15:00:00,5,4,1
1397e216-e195-552a-9bed-abafc33b2129,29,FL,86526.0,12978.9,0,C,Email,11:30:00,4,2,0
9f717e17-16a6-5ec2-bd50-83a716e08dbf,63,IL,94000.0,14100.0,0,B,Online Chat,09:45:00,8,2,0
bad912ef-0ac1-5587-b8a8-7d0e7ff4b2ac,49,CA,80290.0,12043.5,5,C,Phone,15:30:00,2,1,0
7f61730e-0c67-580e-8d92-595848914370,32,CA,52746.0,7911.9,0,C,Email,06:15:00,2,5,0
c7f1aaeb-288a-50da-b159-4662879f75ee,33,TX,97990.0,14698.5,1,A,Phone,09:45:00,3,4,1
1e353236-dd7e-579b-b1d6-0ecf313800ce,39,NY,88810.0,13321.5,0,C,Email,06:00:00,3,2,0
9f4a7a34-025a-5a0c-8a62-a34da0bfbbca,45,FL,45223.0,6783.45,6,A,Online Chat,12:30:00,5,1,1
6c1b274e-9e0a-5121-a643-65b2c1bf3023,37,FL,32597.0,4889.55,9,A,Email,16:00:00,5,4,0
39dd9b55-809f-5ef3-95e7-58f589487dff,50,NY,95677.0,14351.55,0,A,Phone,06:00:00,2,3,0
cf1a4652-d673-5a2c-b135-0933b085a556,27,CA,32659.0,4898.849999999999,0,C,Phone,09:00:00,1,5,0
f287b31d-0d90-5632-9657-7124d6307356,57,FL,45037.0,6755.55,6,C,Online Chat,16:30:00,1,1,0
24c748a4-8f31-56a8-817a-417d1aaa338c,49,TX,76738.0,11510.699999999999,10,B,Phone,16:15:00,3,4,1
d5d0a43e-60b5-5d2b-950a-2e26a9a26e49,50,FL,42109.0,6316.349999999999,0,B,Email,06:00:00,1,1,0
b5baccc9-b420-53d5-b930-0541fa02114d,19,TX,52010.0,7801.5,7,B,Email,06:00:00,1,3,0
a023efda-3332-54da-bb9f-f5db106b0dc8,50,NY,83000.0,12450.0,4,C,Online Chat,08:45:00,2,2,1
b5119e0c-ebf5-567c-a804-d198d5a5e06f,50,CA,38472.0,5770.8,2,A,Phone,06:00:00,1,2,0
85425eca-7b5b-5249-a29f-7d211e782087,58,NY,53383.0,8007.45,1,B,Online Chat,10:45:00,6,1,0
a73b3490-5061-5a6a-bcd0-b68872eb8b30,30,IL,91709.0,13756.35,0,C,Email,06:00:00,3,1,0
0c1aa937-6b01-5f8d-b564-36f545ab1325,47,FL,99785.0,14967.75,0,A,Online Chat,10:30:00,4,1,0
57897ead-2e35-5c1f-8d6f-326278c0f246,50,TX,64518.0,9677.699999999999,0,B,Phone,06:00:00,2,2,0
a02e7e31-72f3-504a-a0e5-caef7e170737,30,IL,83909.0,12586.35,2,A,Online Chat,09:00:00,2,1,0
f0fd24fc-5363-5564-9236-011f67d20544,43,TX,48351.0,7252.65,0,B,Phone,14:00:00,7,2,0
4decb8ee-98dd-5289-8087-5de203a2fb88,39,CA,99624.0,14943.599999999999,2,B,Phone,07:45:00,1,5,1
1504f31e-d628-5422-a74f-9a2c54a388ae,56,FL,83330.0,12499.5,0,B,Email,07:45:00,1,1,0
1d979d1d-a56a-5034-91db-a9e8ae4b1023,19,CA,45282.0,6792.3,0,C,Email,06:00:00,1,5,0
d720ec22-1578-5386-aa82-20be16405336,55,FL,51778.0,7766.7,0,C,Email,08:30:00,6,2,0
fca4a136-0e1e-5735-ac39-7ce965e9092e,56,FL,54264.0,8139.599999999999,4,C,Phone,13:15:00,3,5,1
48011dcd-4a54-58b8-ba1e-33265e36733c,43,CA,89675.0,13451.25,0,B,Online Chat,06:00:00,1,1,0
81416511-7957-5e48-979c-cf0895f5b05e,63,FL,95000.0,14250.0,1,A,Phone,09:45:00,6,3,0
1008ee07-ef98-5406-9d13-eab52d64c90f,32,TX,78454.0,11768.1,0,C,Email,06:00:00,2,4,0
f8bc6eae-19e6-59d5-9b64-688d5dbeffb5,51,IL,58365.0,8754.75,0,A,Email,06:00:00,1,2,0
f79f9799-37cd-537e-a765-97e5ed158b3d,59,TX,78200.0,11730.0,2,A,Online Chat,15:00:00,5,1,1
67cde157-6e0e-5bb0-8266-bd15b3987f65,45,FL,41002.0,6150.3,5,A,Email,09:45:00,1,2,0
87daa599-aab7-5dff-a957-270136728310,57,FL,43947.0,6592.05,1,A,Email,04:15:00,1,3,0
108d6ed2-58a9-5fa6-ade5-f6e2d9c5212c,28,TX,82142.0,12321.3,3,B,Email,14:00:00,6,2,0
68ed586f-79cf-54ed-b9a6-866b8a106bb2,34,TX,15000.0,2250.0,0,C,Online Chat,12:30:00,2,1,0
352f9ada-cddf-5589-a184-c1448192d88f,23,NY,34493.0,5173.95,4,C,Phone,12:30:00,1,1,1
94970aa8-b43c-5e25-bea4-f629c4c11d6e,26,CA,80085.0,12012.75,0,C,Email,05:15:00,6,3,0
d2d09180-a6de-53d9-8c84-0d241336be00,23,FL,64228.0,9634.199999999999,3,B,Online Chat,06:00:00,4,1,1
f734a3b2-e2a7-50ca-88ed-6c9336904eac,26,FL,81875.0,12281.25,3,A,Email,04:45:00,8,3,0
2f6258ce-bbf2-5f64-acff-d16147af777d,56,FL,61655.0,9248.25,4,A,Online Chat,15:00:00,1,3,1
dca01598-da86-545c-88e1-e38900fbfc5a,48,NY,73472.0,11020.8,0,A,Email,05:00:00,2,1,0
5cbea1a1-cf4e-5641-9a0a-12891b4ed536,49,TX,79437.0,11915.55,3,B,Online Chat,08:00:00,1,2,1
0f56610f-20a8-5a93-892d-6bc89c56159e,58,FL,79416.0,11912.4,0,A,Email,14:30:00,1,3,0
b1cb7d88-b416-5a4b-88f2-aab40d4edd2a,29,IL,89711.0,13456.65,3,C,Phone,10:15:00,1,1,0
91fa5a4f-687e-5192-a829-dbbce54c41d1,25,TX,36816.0,5522.4,0,C,Email,06:15:00,2,2,0
237547d8-193d-5ff0-8ca9-b702ee71736c,25,NY,15000.0,2250.0,0,C,Online Chat,13:15:00,5,3,0
2188a3e1-a1be-5a34-ace6-f627079a91cd,45,TX,76733.0,11509.949999999999,0,B,Email,15:00:00,2,5,0
c2cf1d4b-d38e-5665-b4e8-7d8a943a6588,37,TX,41240.0,6186.0,0,A,Phone,07:45:00,1,2,0
af045d20-1200-520c-94be-c097eb3003ef,64,FL,62762.0,9414.3,8,A,Email,09:30:00,3,4,0
b83af03d-b8c3-53f1-82c8-9c179558eec2,24,FL,38259.0,5738.849999999999,7,C,Online Chat,06:30:00,4,5,1
5e19fd39-7416-5732-8097-03702d8103c8,28,FL,80139.0,12020.85,3,C,Online Chat,15:00:00,2,3,1
9cc42a6a-4106-5c75-8a37-172a601435b8,37,CA,44849.0,6727.349999999999,0,B,Phone,12:30:00,2,1,0
b2780567-f748-5825-a03d-ca4b20f296e8,33,CA,84869.0,12730.35,5,A,Online Chat,12:15:00,2,2,0
a498be13-e537-585e-a930-220aae7deeaa,34,FL,93095.0,13964.25,4,A,Email,12:30:00,2,1,0
9f09c48e-a47e-521f-867a-4f081da782e3,23,IL,53567.0,8035.049999999999,0,C,Email,06:00:00,6,2,0
cf3d5a46-d916-522d-a319-8feac40a9787,39,TX,65292.0,9793.8,8,B,Email,12:30:00,5,2,0
ab1b0198-a278-577e-9d30-88a58bb023b2,43,IL,81631.0,12244.65,0,A,Online Chat,14:45:00,4,3,0
59534e67-94a0-5c97-922f-ea54936a6b18,20,TX,39885.0,5982.75,0,C,Email,10:15:00,4,5,0
fbe68436-2e74-579c-9fac-e9283426626f,58,FL,89659.0,13448.85,0,B,Email,14:00:00,4,1,0
768198a2-d52e-5dc4-9ced-f1b0831f8825,59,FL,84306.0,12645.9,3,B,Email,12:30:00,5,5,0
312269cd-40c9-5811-85de-384d79944d43,31,CA,96314.0,14447.1,3,C,Phone,15:00:00,1,4,1
400e82b3-3c20-5f39-b316-9d80a0dc96f5,28,IL,15000.0,2250.0,0,C,Online Chat,12:00:00,1,3,0
ba4adcf4-ec4b-5174-bd5d-d22e81e94ca9,35,CA,59165.0,8874.75,2,C,Online Chat,05:30:00,2,3,1
55ddb0e3-d8a8-52e7-a187-b436314d20e5,29,FL,88929.0,13339.35,0,C,Online Chat,05:00:00,4,2,0
cf30762f-d9a4-583a-b525-fb89ee65bd6b,40,IL,97028.0,14554.199999999999,0,C,Phone,17:30:00,4,1,0
875474c8-f599-51a6-b30a-fd4cd55fd0cd,29,TX,79812.0,11971.8,0,C,Online Chat,11:00:00,4,2,0
db5a1ca3-bad2-5c13-971a-a48f2af290cd,30,CA,80500.0,12075.0,3,A,Phone,15:00:00,5,1,1
fa233aa0-d5fe-5f33-b5e2-c2d88f3eef01,42,NY,88643.0,13296.449999999999,0,B,Phone,12:30:00,2,2,0
d481c4d6-0fa2-56ff-acd1-d86f6ffa5c55,34,CA,74900.0,11235.0,1,A,Online Chat,12:30:00,5,3,0
d14e4396-9aa0-53aa-9314-c9d6a023143f,36,TX,72946.0,10941.9,1,A,Email,06:45:00,5,1,0
